column_index,alignment_column,zorro_score
1,R-S-R-T-G-T-S-C---M-T-N-S-M-S-D-K-A,5.760224
2,Y-R-R-I-F-I-I-V---I-V-I-F-I-V-I-V-S,5.715911
3,L-V-L-L-L-L-L-L-M-L-L-L-L-L-L-L-L-G,5.826051
4,K-P-W-D-E-S-Q-A-D-D-Q-E-Q-D-D-S-D-D,5.759137
5,G-G-E-K-E-E-E-K-F-D-K-E-K-Q-E-E-E-E,5.671550
6,W-V-I-I-V-I-I-I-L-I-I-I-A-L-I-I-I-L,5.548511
7,L-L-V-V-R-V-I-V-T-V-L-T-I-V-I-I-V-A,5.381274
8,K-G-E-N-S-K-R-A-E-R-A-W-A-Q-D-A-A-P,5.082610
9,D-E-A-Q-Y-Y-S-D-V-D-R-Y-S-A-G-N-N-D,4.841025
10,V-I-K-K-K-K-R-K-K-K-K-K-A-S-V-K-R-V,4.619923
11,V-A-K-K-E-Q-K-A-R-K-A-D-K-Q-R-R-K-R,4.416973
12,Q-R-K-K-S-S-L-I-T-L-E-V-D-Q-A-F-K-A,4.159694
13,L-K-D-E-Q-L-E-W-V-Q-E-E-R-R-D-E-M-I,3.971607
14,S-R-I-V-I-L-I-V-E-L-V-V-T-V-L-V-V-L,3.839490
15,L-A-L-A-D-Q-K-E-L-I-A-S-S-Q-A-D-E-E,3.574277
16,R-S-E-A-T-N-N-A-R-E-E-R-L-K-E-L-I-A,3.348644
17,R-E-I-L-S-G-L-R-L-D-R-M-L-V-R-Q-E-A,3.147352
18,--V-----P-Y-S-K-A-K-R-K-E-P-Q-K-K-R,2.374985
19,--------E-Y-R-Q-T-K-A-E-E-V-A-Q-R-E,2.262516
20,--------Y-Q-K-Q-E-A-R-L-I-R-R-A-K-R,2.186079
21,--------L-D-K-Q-P-L-V-N-A-E-V-I-D-P,2.096464
22,--------R-----------------------I-G,0.027179
23,----D---K-K-P-P-P-S-N-P-G-R-S-S-I-G,1.816301
24,----G-Y-L-L-L-L-P-L-L-L-N-V-L-I-K-E,1.849270
25,P-A-E-E-E-N-E-A-P-D-A-D-C-K-D-E-N-T,1.964145
26,S-P-N-T-E-T-E-S-A-D-E-V-S-R-E-Q-L-R,1.964740
27,F-Y-L-Y-L-L-L-F-R-I-V-L-P-I-L-L-R-V,1.946885
28,R-P-I-T-I-K-R-Q-S-K-E-K-K-Q-K-Q-S-S,1.829390
29,A-L-V-P-E-S-D-N-L-S-R-K-P-Q-E-E-F-V,1.697426
30,S-P-Q-V-E-V-E-E-P-K-L-A-G-A-R-G-I-D,1.580747
31,R---R-K-R-K-L-V-L-L-A-V-R-R-A-I-D-A,1.406878
32,Q-E-R-E-K-I-T-Q-V-N-R-E-P-K-A-N-E-R,1.388884
33,R-P-N-K-E-Q-S-P---S-S-D-S-M-K-E-L-S,1.289422
34,P-P-H-R-F-N-L-S---L-A-A-L-T-A-V-D-F,1.226913
35,I-S-----Y-K-D-T---N-D-P-S-T-R-P-I-P,1.059507
36,I-V-------K-E-R---L-A-P-S-P-P-A-D-E,0.963831
37,S-P---------P-----D-P-T---V-A-S-V-A,0.786671
38,------------L-----K-R-R---L-K-R-E-V,0.781629
39,--------------------------------K--,0.001798
40,--------------------------------K--,0.002071
41,--------------------------------R--,0.001954
42,--------------------------------K--,0.006150
43,------------------R-------------L--,0.037492
44,L-S-R-K-D-S-S-H-D-N-G-D-S-S-D-S-R-A,3.380883
45,N-F-F-T-F-F-F-F-F-F-F-F-I-F-G-M-L-E,3.655536
46,E-K-L-R-E-I-T-Y-I-K-A-V-R-E-V-K-S-T,3.714841
47,R-E-E-S-K-N-D-D-K-E-N-G-E-A-A-R-K-E,3.810944
48,I-A-V-L-A-A-A-A-S-A-A-A-W-M-A-A-A-A,3.915415
49,L-L-L-V-L-I-L-L-L-L-L-L-V-L-L-L-I-A,3.914730
50,E-L-S-K-T-E-T-Q-G-E-L-R-Y-A-R-A-K-G,3.606537
51,F-R-G-A-S-K-G-G-----E-M-R-Q-G-S-K--,2.538539
52,N---K-L---E---------R-A---------A--,0.477217
53,K-------------------A-H---------K--,0.112405
54,R---------------------K---------E--,0.046369
55,--------------------K-R------------,0.039617
56,------------------K-R-T------------,0.084285
57,N-P-E-E-C-P-N-A---E-K-G-V-P-D-S-I--,4.018066
58,I-G-R-Q-G-K-R-R-E-N-E-F-G-G-G-D-K-R,5.903996
59,T-L-V-F-T-L-V-T-F-I-P-P-G-L-V-S-N-V,6.824176
60,A-S-K-T-K-A-S-A-G-S-A-G-A-Q-K-G-P-P,7.917742
61,I-V-I-V-I-I-L-F-I-I-V-L-V-L-V-I-I-V,9.222381
62,I-I-I-I-I-I-I-I-I-I-I-I-I-I-I-I-I-I,9.737131
63,A-A-A-A-A-A-C-L-A-A-A-A-A-G-C-A-T-A,9.856370
64,E-E-E-E-E-E-E-E-E-E-E-E-E-E-E-E-E-E,9.956061
65,Y-V-F-V-V-I-Y-C-Y-I-I-V-Y-V-V-F-I-V,9.967360
66,K-K-K-K-K-K-K-K-K-K-K-K-K-K-K-K-K-K,9.973711
67,R-R-K-R-K-S-R-K-R-K-K-K-R-R-R-R-P-P,9.962772
68,K-Q-A-A-A-K-A-A-A-A-A-A-C-A-S-R-S-T,9.955343
69,S-S-S-S-S-S-S-S-S-S-S-S-S-S-S-S-S-S,9.948961
70,P-P-P-P-P-P-P-P-P-P-P-P-P-P-P-P-P-P,9.902602
71,S-S-S-S-S-T-S-S-R-S-S-S-S-S-S-S-S-T,9.149512
72,--E-A-K-E-V-S-K---K-K-R-A-K-K-K-K-T,7.936581
73,G-G-G-G-G-N-G-G-G-G-G-G-G-G-G-G-G-E,8.582969
74,L-L-D-D-N-D-R-V-V-V-V-I-A-L-A-W-S-G,8.349648
75,D-I-I-I-I-L-T-I-I-I-L-L-I-I-L-I-I-V,8.192760
76,V-R-N-N-K-P-Y-R-R-R-R-K-S-A-A-K-R--,6.792565
77,--------------------------------E--,0.074170
78,----A-L-------D-L-E-E-E---A-A-Q-I-R,3.427495
79,E-E-D-H-E-E-G-D-D-D-H-N-T-E-I-E-N-E,5.788132
80,R-V-A-V-V-R-R-F-L-F-F-F-L-F-A-A-L-D,6.368563
81,D-D-S-D-N-D-G-D-P-N-V-D-D-D-D-R-E-D,6.958021
82,P-P-L-V-P-L-L-P-P-P-P-P-P-Y-P-P-D-P,7.145482
83,I-V-E-R-E-S-H-A-W-V-A-V-V-L-A-E-V-V,7.007849
84,E-E-D-K-E-Q-E-R-A-K-E-E-S-Q-G-E-K-E,6.994518
85,----------------Y---------------N--,0.178111
86,--A-F-Q-Q-Q-M-I-F-I-I-I-Y-I-L-I-I-L,6.675945
87,Y-A-I-V-A-I-M-A-A-G-A-A-V-A-A-V-A-A,6.846318
88,S-L-R-K-K-S-E-A-Q-Q-R-Q-Q-Q-A-P-N-R,6.886246
89,K-A-M-T-L-D-V-I-V-I-S-A-A-D-D-S-E-E,6.933384
90,F-Y-Y-Y-Y-Y-Y-Y-Y-Y-Y-Y-T-Y-Y-Y-M-M,7.025815
91,M-A-D-E-E-D-R-K-Q-E-E-E-R-V-E-L-V-V,6.672927
92,E-R-E-E-K-Q-E-H-Y-N-A-K-D-A-A-A-E-A,6.411308
93,R-G---C-A-Y-------I-G-G---A-G-A-G-G,4.680688
94,Y-G-L-G-G-G-G-Y---N-G-G-A-G-G-G-G-G,6.903940
95,A-A-A-A-A-A-A-A-A-I-A-A-S-I-A-A-A-A,8.376661
96,V-R-D-G-I-N-D-S-S-D-A-A-A-D-A-S-T-T,8.779672
97,G-A-A-A-A-A-A-A-A-A-C-C-A-A-V-A-A-A,9.266160
98,L-V-I-V-I-V-V-I-F-V-L-L-Y-I-I-L-L-L,9.696035
99,S-S-S-S-S-S-S-S-S-S-S-S-S-S-S-S-S-S,9.935843
100,I-V-I-V-V-I-V-V-V-I-V-V-V-V-V-I-I-V,9.978012
101,L-L-L-L-L-L-I-L-L-L-L-L-L-L-L-L-L-L,9.993694
102,T-T-T-T-T-T-T-T-T-T-T-T-T-T-T-T-T-T,9.996766
103,E-E-E-D-D-D-E-D-E-E-D-D-E-E-E-D-E-E,9.991318
104,E-P-K-G-E-E-N-E-P-K-V-Q-P-P-E-E-P-P,9.984728
105,K-H-H-Q-K-K-R-K-F-K-D-K-N-R-R-K-K-E,9.980664
106,Y-R-Y-F-Y-Y-Y-Y-W-Y-F-Y-W-Y-R-F-Y-H,9.981902
107,F-F-F-F-F-F-F-F-F-F-F-F-F-F-F-F-F-F,9.984671
108,N-G-K-K-K-S-H-Q-L-L-Q-Q-C-K-G-G-N-G,9.951992
109,G-G-G-G-G-G-G-G-G-G-G-G-G-G-G-G-G-G,9.942115
110,S-S-D-S-S-S-S-S-D-K-A-G-S-Q-S-S-S-S,9.823637
111,Y-L-P-F-L-F-I-F-Y-N-D-F-I-L-L-L-Y-A,9.663686
112,E-L-A-Y-E-E-E-N-R-E-A-E-E-S-A-K-K-E,9.462818
113,T-D-F-D-D-R-F-F-F-Y-Y-N-L-Y-D-D-N-S,9.297766
114,L-L-V-L-L-L-L-L-I-I-L-L-I-L-L-I-L-L,9.212709
115,R-K-R-Q-R-Q-R-P-P-K-K-E-P-Q-D-R-I-R,8.843141
116,K-R-A-T-N-A-E-I-I-I-E-A-Y-A-S-T-V-R,8.516913
117,I-V-A-A-V-L-A-V-A-V-A-I-F-I-V-A-A-I,8.238519
118,A-R-R-R-R-T-S-S-K-K-R-R-A-T-R-R-R-R,7.879591
119,S-E-N-E-E-T-E-Q---E-A-S---Q-A-P-E-E,6.491330
120,S-A-L-E-S-K---I---V-A-A---T-R-L---A,5.655691
121,----------------------G------------,0.209243
122,V-V-T-S-V-T-Y-A-A-N-C-V-R-V-V-V-F-V,7.360824
123,S-D-C-S-K-T-G-P-F-S-A-K-Y-S-D-D-D-D,8.027733
124,I-L-R-I-L-L-I-Q-K-K-L-C-K-V-I-V-I-V,8.824241
125,P-P-P-P-P-P-P-P-P-P-P-P-P-P-P-P-P-P,9.871567
126,I-L-I-L-L-V-L-I-V-I-V-L-V-T-V-I-I-V,9.938447
127,L-L-L-L-L-L-L-L-L-L-I-L-L-L-L-I-L-L,9.970704
128,M-R-A-C-R-C-M-C-M-R-R-C-A-R-R-R-M-R,9.980146
129,K-K-K-K-K-K-K-K-K-K-K-K-K-K-K-K-K-K,9.995661
130,D-D-D-D-D-D-D-D-D-D-D-E-D-D-D-D-D-D,9.999206
131,F-F-F-F-F-F-F-F-F-F-F-F-F-F-F-F-F-F,9.998593
132,I-V-Y-I-T-I-V-I-V-I-M-V-I-I-I-I-I-I,9.993476
133,V-V-I-I-V-I-V-I-I-V-I-V-V-V-V-I-V-M,9.986281
134,K-D-D-D-H-D-D-D-D-D-D-D-S-A-T-D-D-N,9.975876
135,E-P-T-K-K-P-E-P-K-E-P-P-E-A-S-E-F-E,9.960261
136,S-F-V-I-V-L-Y-Y-R-Y-Y-W-T-S-Y-Y-Y-A,9.941163
137,Q-M-Q-Q-Q-Q-Q-Q-Q-Q-Q-Q-Q-Q-Q-Q-Q-Q,9.929091
138,I-L-V-I-I-I-I-I-I-L-I-I-I-I-L-L-I-L,9.866846
139,D-E-K-D-L-D-Y-Y-E-Y-V-Y-R-A-W-Y-D-D,9.684222
140,D-E-L-R-E-V-Q-L-A-E-E-Y-I-S-E-Q-V--,8.904391
141,A-A-A-A-A-A-A-A-A-A-A-A-A-A-A-A-A--,8.904563
142,Y-R-S-Y-K-K-R-R-Y-K-R-R-A-R-R-K-S--,8.896430
143,N-A-S-E-A-Q-A-Y-G-L-A-T-C-I-A-I-E-V,9.133920
144,L-F-V-A-Y-A-S-Y-Y-I-I-K-M-A-H-V-I-V,9.274378
145,G-G-G-G-G-G-G-Q-G-G-G-G-G-G-G-G-G-Q,9.399637
146,A-A-A-A-A-A-A-A-A-A-A-A-A-A-A-A-A-S,9.582842
147,D-S-D-D-D-S-S-D-D-D-D-D-S-S-D-D-N-D,9.730398
148,T-A-A-I-I-M-S-A-A-A-C-A-A-A-L-A-A-L,9.733902
149,V-A-I-I-V-I-V-C-V-V-I-V-A-V-V-V-V-V,9.723642
150,L-L-L-L-L-L-L-L-L-L-L-L-L-L-L-L-L-L,9.685523
151,L-L-I-L-L-L-I-L-I-L-L-L-L-L-L-L-L-L,9.636051
152,I-I-I-I-I-I-I-M-I-I-I-I-I-I-I-I-I-I,9.575956
153,V-V-A-V-V-V-T-L-Y-A-V-A-M-V-V-A-V-A,9.411670
154,K-A-R-A-R-N-G-S-R-A-S-A-E-A-A-A-S-R,9.261042
155,I-L-I-A-M-I-V-V-L-V-A-V-A-I-A-A-S-F,9.063542
156,L-L-L-L-L-L-F-L-V-L-L-L-L-L-L-L-L-V,8.906403
157,T-G-T-T-S-S-P-D-E-K-D-A-T-T-E-K-K-G,8.324900
158,E-E-A-K-D-D-D-D-R-D-D-D-P-P-Q-Q-E-E,7.803930
159,R---E-E-K-K---D-E---V-L-R-V-P-E-D-D,6.000835
160,E-L-Q-K-E-Q---Q-R-K-L-E-E-Q-A-K----,6.160703
161,L-T-I-L-L-L-L-Y-A-L-M-I-L-L-L-C-I-L,8.216013
162,E-G-K-K-K-K-E-R-M-E-A-T-Q-Q-E-Q-G-P,8.453526
163,S-A-E-E-E-D-S-Q-E-C-E-F-E-A-S-E-E-A,8.663152
164,L-Y-I-L-L-L-G-L-L-F-L-L-L-F-L-L-F-L,8.869330
165,L-L-Y-Y-L-Y-I-A-A-Y-A-L-A-I-I-A-L-V,9.024484
166,E-E-E-S-D-N-E-A-E-N-A-K-A-T-E-E-D-E,9.243310
167,Y-E-A-Y-F-Y-T-V-Y-R-T-I-A-L-R-Q-Y-A,9.346564
168,A-A-A-V-S-A-C-A-A-T-A-C-A-A-A-A-A-A,9.528323
169,R-R-E-L-E-I-R-H-Q-L-K-K-S-H-E-H-K-R,9.608088
170,S-R-E-E-E-S-E-S-R-E-S-K-R-E-S-E-E-D,9.684484
171,Y-L-L-K-L-Q-L-L-L-L-V-L-Y-L-I-L-N-R,9.763028
172,G-G-G-G-G-N-S-E-G-G-G-S-G-N-G-G-D-G,9.833399
173,M-L-M-L-L-L-M-M-L-L-L-L-V-L-L-L-L-F,9.868384
174,E-E-D-E-S-E-E-G-T-D-D-A-E-S-T-E-E-Q,9.879662
175,P-A-S-A-P-V-P-V-P-S-V-A-V-A-P-V-C-P,9.907288
176,L-L-L-I-L-L-L-L-V-I-L-L-L-L-L-L-L-L,9.952437
177,I-V-V-V-V-V-V-T-V-T-V-V-V-V-V-L-V-V,9.958269
178,E-E-E-E-E-E-E-E-E-E-E-E-E-E-E-E-E-E,9.950948
179,I-V-V-V-V-V-C-V-I-V-V-V-T-V-V-I-T-V,9.838573
180,N-H-H-H-F-H-H-S-D-H-H-H-P-H-H-H-H-H,9.616136
181,D-T-S-D-T-D-S-N-N-N-D-D-D-T-D-S-S-T,9.453308
182,E-E-R-E-L-R-A-E-V-E-G-E-A-T-E-A-E-R,9.184768
183,N-R-E-Q-D-H-I-E-Q-E-T-R-S-A-D-E-D-E,9.026979
184,D-E-D-E-E-E-D-E-D-E-E-E-H-E-E-E-E-E,8.915427
185,L-L-L-L-A-L-I-Q-A-A-L-M-A-S-V-L-I-L,8.668428
186,D-E-E-E-K-E-Y-E-K-K-E-G-V-K-E-P-D-T,8.327078
187,I-I-K-I-R-R-R-R-E-L-R-R-E-Q-R---I-A,7.599930
188,A-A-V-A-A-A-A-A-V-A-A-V-A-A-A---A-A,7.381884
189,L-L-F-I-L-Y-I-I-A-S-L-L-S-V-V-Y-L-L,7.236234
190,R-E-S-Q-D-K-E-A-T-E-K-G-R-A-D-I-D-A,6.896165
191,I-A-V-L-A-V-A-L-W-I-T-I-L-A-A-N-A-A,6.381914
192,G-G-I-N-G-N-G-G-G-G-L-E-A-G-G-S-G-G,5.820060
193,----R-----------G---D-G-P-----K----,1.056463
194,A-A-P-P-A-A-A-A-R-C-T-I-G-A-A-I-A-A,8.607011
195,R-E-K-H-K-K-E-K-L-S-P-E-S-R-K-D-K-D,9.072631
196,F-V-I-V-I-L-L-V-V-I-L-L-I-I-V-M-I-I,9.567148
197,I-L-I-I-I-I-I-V-I-I-V-V-I-I-I-I-I-V,9.834158
198,G-G-G-G-G-G-G-G-G-G-G-G-G-G-G-G-G-G,9.990722
199,I-I-I-I-I-V-V-I-I-I-I-I-V-I-V-I-I-I,9.998039
200,N-N-N-N-N-N-N-N-N-N-N-N-N-N-N-N-N-N,9.998860
201,S-N-T-N-N-N-N-N-S-N-N-N-S-N-A-N-N-N,9.998766
202,R-R-R-R-R-R-R-R-R-R-R-R-R-R-R-R-R-R,9.999322
203,D-D-D-N-D-D-N-D-D-D-N-S-D-N-N-N-D-D,9.998665
204,L-L-L-L-L-L-L-L-L-L-L-L-L-L-L-L-L-L,9.995722
205,E-A-D-K-E-K-E-C-K-R-H-E-K-K-K-G-K-G,9.982728
206,T-T-T-T-T-R-T-D-T-D-T-T-T-D-T-T-T-K,9.947365
207,L-L-F-F-F-F-L-L-L-F-F-F-L-F-L-F-L-L,9.918950
208,E-H-E-E-K-V-E-S-E-S-E-E-R-S-E-F-K-E,9.867510
209,I-I-I-V-V-T-V-I-T-T-V-V-V-V-V-T-I-V,9.828846
210,N-N-K-D-D-N-D-D-N-D-S-D-D-N-D-D-D-D,9.762624
211,------------------------Y----------,0.072451
212,K-L-K-L-I-V-L-L-V-I-L-I-E-F-R-V-L-L,8.478530
213,E-E-N-S-N-E-E-N-Q-T-E-S-A-A-G-E-S-G,8.431313
214,N-T-V-Q-K-H-R-R-R-T-T-N-M-T-T-N-T-T,8.379371
215,Q-A-L-T-T-T-T-T-A-T-T-T-L-S-F-S-T-F,8.351440
216,R-P-W-E-K-N-R-R-F-K-L-K-R-C-E-F-E-E,8.320913
217,K-R-E-K-E-T-A-E-E-R-D-K-E-Q-R-R-K-E,8.299384
218,L-L-L-L-L-I-L-L-V-L-L-L-V-L-V-L-L-L,8.226452
219,I-G-L-G-A-L-A-A-A-M-L-L-S-R-A-A-A-A,7.822928
220,S-R-P-K-P-E-P-P-K-K-P-E-K-Q-P-G-P-P,7.540313
221,M-L-L-R-K-N-L-K-A-Y-E-G-A-A-E-Q-L-E,7.244105
222,I-A-V-L-I-K-V-L-L-V-I-E-R-V-I-L-I-A,7.031723
223,P-R-P-N-K-K-P-G-R-P-P-H-E-P-P-P-P-P,6.775519
224,--K-------------------G-Q----------,0.049243
225,--R-------------------R-L----------,0.050502
226,----------------------Q-P----------,0.019332
227,----------------------I------------,0.011144
228,--------D-------------R------------,0.106801
229,--G---E-L-------------E------------,0.282622
230,S-F-D-E-G-T-D-H-G-R-R-R-G-A-A-Q-K-E,7.446732
231,N-G-D-K-A-N-E-N-D-D-D-D-E-E-H-D-N-D,7.931505
232,V-G-T-L-K-H-L-V-V-R-R-M-V-C-I-A-K-V,8.364781
233,V-V-V-L-F-Y-L-T-E-I-L-I-I-Y-V-V-I-L,8.872649
234,K-L-V-W-V-Y-L-V-F-I-V-V-L-V-K-L-K-L,9.238196
235,V-V-V-I-I-I-V-I-I-V-V-V-V-V-V-V-V-V,9.700306
236,A-A-A-S-S-S-S-S-I-S-T-G-A-A-A-S-G-A,9.847711
237,E-E-E-E-E-E-E-E-E-E-E-E-E-E-E-E-E-E,9.969638
238,S-S-S-S-S-S-S-S-S-S-S-S-S-S-S-S-S-S,9.986767
239,G-G-G-G-G-G-G-G-G-S-G-G-G-G-G-G-G-G,9.986923
240,I-Y-I-I-I-I-V-I-L-I-I-L-I-I-V-I-I-V,9.908081
241,S-S-K-H-S-H-M-N-S-K-L-F-D-Q-R-S-Y-Q,9.756449
242,E-R-D-S-K-D-G-T-R-T-N-T-S-T-G-D-T-T,9.660129
243,R-K-P-K-R-A-P-Y-P-P-R-P-P-A-P-P-K-V,9.552182
244,N-E-R-E-E-S-E-A-E-E-A-D-D-T-H-E-E-D,9.419588
245,E-E-E-D-E-D-D-Q-E-D-D-D-K-Q-D-V-Q-D,9.318903
246,I-L-L-I-I-V-A-V-V-I-V-I-A-A-L-V-L-A,9.099342
247,E-K-K-I-L-R-E-R-E-L-E-A-L-Q-I-K-N-R,8.802042
248,E-A-D-R-E-K-I-E-R-Y-L-Y-K-Q-A-R-Y-R,8.633581
249,L-L-L-V-L-I-L-L-A-L-M-V-A-L-Y-L-V-M,8.475739
250,R-E-R-K-M-L-A-S-C-R-E-Q-F-A-A-R-L-R,8.159855
251,K-G-G-R-N-H-G-H-S-S-V-A-K-A-N-T-K-E,7.819487
252,L-----A-Y-S-C---L-I-S-A-A-A-E-A---A,6.192369
253,G-L-K-G-Q-G-G-F-Y-G-E-G-G-G-G-G-F-G,8.271411
254,V-F-V-A-V-I-A-A-A-V-V-V-A-F-A-F-T-A,9.043250
255,N-D-N-K-D-D-D-N-R-N-Y-K-Q-D-D-R-D-D,9.549167
256,A-A-A-G-G-G-A-G-G-A-A-A-A-A-A-G-A-A,9.759716
257,F-V-V-V-F-L-L-F-V-V-F-V-I-M-V-F-A-L,9.873176
258,L-L-L-L-L-L-L-L-L-L-L-L-L-L-L-L-L-L,9.959235
259,I-I-V-V-I-I-I-I-I-I-V-V-V-V-V-I-I-V,9.982677
260,G-G-G-G-G-G-G-G-G-G-G-G-G-G-G-G-G-G,9.993414
261,S-T-T-E-T-E-T-S-T-E-E-E-T-E-E-E-S-T,9.969174
262,S-S-S-A-S-A-S-A-A-T-A-S-A-T-S-T-S-A,9.953412
263,L-L-I-L-L-L-L-L-L-F-F-I-F-L-L-F-I-I,9.912449
264,M-M-M-M-M-M-M-M-M-M-M-V-M-M-V-M-M-M,9.837727
265,R-R-K-T-K-R-L-A-K-R-R-K-K-R-T-K-E-D,9.440145
266,N-A-A-S-S-C-A-H-N-N-A-Q-N-A-G-T-S-G,8.980868
267,--P-E-S-E-D-S-D-P-I-D-N-P-P-R-P-E-D,7.983742
268,--D-N-S-N-N-D-D-V-D-D-D-Q-D-D-Q-N-V,7.792222
269,--L-P-I-P-L-P-L-L-D-P-P-L-K-P-P-I-R,7.626557
270,P-E-R-H-Y-S-R-H-V-L-G-E-R-G-K-G-R-Q,7.584370
271,E-A-R-T-R-E-E-A-K-K-L-K-E-Q-T-E-E-N,7.729227
272,K-A-F-F-K-F-L-A-E-G-E-G-K-A-A-T-K-T,7.840940
273,I-L-L-F-L-L-L-V-L-I-L-I-I-V-V-L-V-E,7.986221
274,K-R-E-E-K-P-D-R-R-N-K-A-L-M-S-Q-R-T,8.009705
275,E-E-E-D-E-Q-E-R-Q-E-R-G-A-Q-D-N-E-L,8.044201
276,F-L-M-C-L-L-I-V-V-F-L-L-E-L-L-F-F-T,8.068403
277,I-V-R-K-L-K-M-L-A-L-F-F-L-R-V-L-V-Q,8.125652
278,L-G-A-V-G-M-A-L-E-K-F-G-L-A-A-K-I--,8.222893
