column_index,alignment_column,zorro_score
1,I-I-I-I-S-V-I-E-I-I-I-I-V-I-I-I-I-I-V-V-I-I-I-I-I-I-V,9.870346
2,V-V-V-V-T-V-V-A-V-V-V-V-I-V-V-I-V-V-V-I-L-I-V-I-I-V-V,9.866893
3,G-E-G-G-G-G-G-Y-G-G-G-G-G-G-G-G-G-G-G-G-G-G-G-G-G-S-G,9.867765
4,G-G-G-G-G-G-G-G-G-G-G-G-G-G-G-G-G-G-G-G-G-G-G-G-G-G-G,9.867388
5,Y-Q-Y-Q-L-E-Q-A-E-D-F-E-K-E-Y-S-Y-V-E-T-R-H-H-N-R-Q-R,9.777872
6,K-D-E-E-F-D-E-P-D-D-E-D-P-D-E-D-V-E-V-N-E-E-E-E-E-S-P,9.717254
7,C-A-C-A-T-A-C-C-S-A-I-I-A-A-T-Q-T-A-A-A-A-V-A-V-A-A-C,9.681977
8,E-E-R-P-D-R-K-A-M-E-D-V-A-N-S-L-D-V-K-S-E-K-Q-T-V-Q-K,9.639316
9,K-V-K-R-I-P-D-R-D-L-V-I-Q-V-I-I-I-P-N-P-A-P-P-P-P-L-I,9.618679
10,N-G-N-S-T-N-G-G-A-G-S-T-N-Q-D-R-A-N-G-G-H-H-H-H-H-G-N,9.611615
11,S-L-S-K-S-S-E-S-Q-R-E-E-E-D-A-N-Q-S-S-E-A-S-S-S-S-A-V,9.600953
12,Q-S-A-W-H-W-C-Q-W-W-T-A-F-H-H-A-V-W-A-F-R-R-R-R-R-W-H,9.607028
13,P-P-S-P-P-P-P-P-P-P-P-P-P-P-P-P-P-P-P-P-P-P-P-P-P-P-R,9.641583
14,W-W-Y-W-W-W-W-W-W-W-Y-Y-F-F-Y-W-Y-H-Y-W-Y-Y-Y-Y-Y-W-S,9.564442
15,Q-Q-Q-Q-Q-Q-Q-Q-I-Q-Q-Q-M-T-Q-Q-Q-Q-Q-Q-M-M-M-M-M-M-L,9.376112
16,V-V-A-V-A-V-A-V-V-G-V-V-V-V-V-V-I-A-V-L-A-A-A-V-V-V-V,9.095100
17,A-M-S-S-A-S-L-S-S-S-S-S-H-A-S-S-T-A-S-S-S-L-S-L-S-S-L,8.730175
18,V-L-L-L-I-L-L-L-I-L-L-V-L-L-L-I-L-L-L-Q-V-L-L-L-L-L-L,8.327120
19,I-F-Q-R-F-Q-I-F-L-R-Q-M-S-V-Q-Q-R-F-Q-Q-Q-S-Q-S-Q-Q-Y,7.295784
20,--R-S-V-A-Y-N-N-K-V-Y-F-M-T-R-I-Y-I-V-R-L-I-M-L-N-I-N,6.100216
21,--K-G-H-Q-D-E-G-N-W-F-R-G-P-F-S-K-D-P-Q-N-K-R-D-T-F-S,5.238630
22,--S---G-N-Q-E-L-G-G-N-G---D-G-A-A-D-G-S-G-D-G-R-K-T-S,4.465017
23,--P-----------------------G-----I-----G---Q-N-----S--,0.501959
24,--------------------------------S-----S---Q-P-----H--,0.349255
25,--------------------------------S-----------------N--,0.025491
26,--------------------------------P-----------------S--,0.027853
27,--------------------------------E-----------------R--,0.029920
28,--------------------------------N--------------------,0.011390
29,--------------------------------P--------------------,0.021998
30,N-Q---W-E-W-N-------------------F---W-W---P-G-----R--,1.764962
31,E-E-Y-M-R-R-E-S-S-N-S-A---Q-S-R-R-M-G-S-A-E-S-K-S-Y-S,6.725132
32,Y-L-H-H-F-H-G-F-H-H-H-H---Q-H-H-H-Y-H-H-H-A-H-T-H-H-L,7.750671
33,L-L-F-F-L-T-F-H-H-L-R-S---F-F-E-R-F-N-S-L-I-F-I-M-A-L,8.434387
34,C-C-C-C-C-C-C-C-C-C-C-C-C-C-C-C-C-C-C-C-C-C-C-C-C-C-C,9.945935
35,G-G-G-G-G-G-G-A-A-G-G-G-G-G-G-G-G-G-G-G-G-G-G-A-G-G-S,9.971920
36,G-A-G-G-G-G-G-G-G-A-G-G-G-G-G-G-G-G-G-A-G-G-G-G-G-G-G,9.979060
37,V-S-S-S-I-T-T-V-S-T-S-T-A-T-S-V-S-S-S-S-V-F-T-A-V-S-T,9.980413
38,L-L-L-L-L-L-I-L-L-L-V-L-L-L-I-I-I-L-L-L-L-L-L-L-L-L-L,9.981317
39,I-I-I-I-I-V-L-V-L-L-L-V-Y-A-Y-Y-V-I-L-L-V-I-I-I-V-L-I,9.977691
40,D-S-S-H-S-D-S-D-T-N-N-A-K-A-S-S-N-S-N-S-A-R-H-A-H-N-N,9.972831
41,P-D-S-P-S-Q-E-Q-N-R-S-A-K-P-H-K-E-P-D-S-E-E-P-K-Q-S-Q,9.969463
42,S-R-T-Q-C-S-F-S-R-R-K-D-D-N-D-E-T-E-R-T-Q-D-S-D-K-H-E,9.972205
43,W-W-W-W-W-W-Y-W-W-W-W-I-I-K-I-I-T-W-W-S-W-F-F-W-W-W-W,9.981785
44,V-V-V-V-V-V-I-V-V-V-I-V-V-V-V-I-I-I-V-A-V-V-V-V-V-V-V,9.990446
45,I-L-V-L-L-L-L-L-V-L-L-V-L-V-I-I-L-L-L-L-L-L-L-L-L-L-L,9.994416
46,T-T-S-T-T-T-T-T-T-T-T-T-T-T-T-T-T-T-T-S-S-T-T-T-T-T-T,9.997869
47,A-A-A-A-A-A-A-A-A-A-A-A-A-A-A-A-A-A-A-A-A-A-A-A-A-A-A,9.997941
48,A-A-A-A-A-A-A-A-A-A-A-A-A-A-A-G-A-A-A-S-A-A-A-A-A-A-A,9.997470
49,H-H-H-H-H-H-H-H-H-H-H-H-H-H-H-H-H-H-H-H-H-H-H-H-H-H-H,9.995639
50,C-C-C-C-C-C-C-C-C-C-C-C-C-C-C-C-C-C-C-C-C-C-C-C-C-C-C,9.948580
51,Y-L-Y-V-F-I-L-G-F-F-T-V-M-T-L-L-V-M-L-V-L-E-L-N-L-F-D,8.271165
52,S-L-K-G-Q-S-Y-N-K-Q-V-M-D-V-Q-H-I-D-V-D-E-G-R-L-S-D-S,6.945862
53,N-Y-S-L-P-S-Q-K-S-K-N-S-G-G-S-E-G-G-G-G-D-S-D-N-E-N-K,5.882066
54,--P---A-D-S-K-P-N-D-L-F-S-S-V-R-T-A-H-V-A---I---P-K--,3.786967
55,--P-------------M-N---A-G-------------------------K--,0.341969
56,--W-------------D------------------------------------,0.050569
57,--D--------------------------------------------------,0.004300
58,--K--------------------------------------------------,0.003666
59,--N--------------------------------------------------,0.003682
60,--F--------------------------------------------------,0.004956
61,--T-------------K-D-Q---N-Q-D-S-V---A-L-A---P-----K--,1.671870
62,--V-------------P-P-P-P-N-P-A-V-A---P-P-D---Q---L-V--,2.242992
63,--D-------------S-F-S-E-T-A-K-T-S-G-G-N-G---R-K-Q-Y--,2.659941
64,N-D-R-A-Q-R-R---L-D-S-D-R-D-D-L-Q-F-D-N-K-I-L-R-Q-D-N,5.099328
65,Y-L-I-L-L-T-F-L-F-W-L-Y-I-I-L-M-F-V-L-I-V-I-V-S-L-W-F,5.950949
66,Q-L-Q-R-K-Y-K-W-S-T-A-R-T-N-K-K-K-D-M-R-Q-N-N-Q-K-R-K,6.347545
67,V-V-V-V-V-V-V-A-V-V-V-I-V-V-I-V-V-V-V-V-V-V-V-V-L-L-M,6.711684
68,L-R-R-Q-V-V-R-R-L-Q-R-R-T-V-R-R-V-V-L-I-L-T-V-I-V-V-K,6.789796
69,L-I-L-L-L-L-V-V-L-F-L-V-A-S-V-V-A-L-V-A-L-L-L-L-F-F-L,6.893060
70,G-G-G-R-G-G-G-G-G-G-G-G-G-G-G-G-G-G-G-G-G-G-G-G-G-G-G,6.971187
71,R-K-E-E-R-R-D-D-A-E-S-S-V-R-S-A-T-A-T-L-A-A-A-A-L-A-V,6.439016
72,N-H-H-Q-T-H-R-D-W-L-S-S-A-T-T-Q-N-H-N-W-H-H-H-H-H-Q-H,5.978083
73,N-S-N-H-Y-S-N-H-K-T-R-F-D-V-Y-N-F-N-S-Q-S-N-N-S-S-E-S,5.623555
74,L-R-I-L-R-L-T-L-L-S-H-H-L-M-W-H-Q-I-L-Q-L-I-V-I-L-I-I,5.248434
75,F-T-A-Y-V-S-E-L-G-R-A-Q-N-S-R-N-T-R-K-S-S-K-R-T-H-E-K,4.820888
76,------------------P-------------------------------Y-I,0.075305
77,--------------------------------------------------G--,0.022673
78,------------------S-------------------------------R--,0.013780
79,------------------L-------------------------------N--,0.014362
80,--R---------------W-------------------------------K--,0.041577
81,--Y-V---K-T-Q---S-N---------------E-----Q-E-T-R-D-P-R,1.650318
82,K-E-N---P-N-E-L-P-L---------------D---D-P-Q-Q-E-P-V-N,1.913690
83,D-R-E---G-E-E-L-G-Q-----S-S-----G-E---T-E-E-E-E-Q-K-K,2.438166
84,E-K-G-Y-E-P-G-Q-P-A-S-R-S-N-S-Y-T-A-E-S-P-K-P-P-D-E-N,3.719447
85,P-V-T-Q-E-G-G-G-R-Y-G-D-G-I-G-G-D-T-G-G-S-T-T-T-P-P-E,4.046544
86,A-E-E-D-E-S-E-E-S-S-G-G-A-G-G-G-G-Q-G-T-K-Q-Q-K-G-Q-R,4.502292
87,Q-K-Q-Q-Q-L-A-Q-Q-N-T-M-I-T-S-T-V-V-E-Q-R-Q-Q-Q-L-Q-T,4.939972
88,R-I-F-L-T-A-V-L-K-R-V-L-K-V-V-L-I-T-L-T-L-V-H-I-T-E-R,5.338353
89,R-S-I-L-F-V-H-R-V-Y-V-Y-V-S-H-V-T-I-L-A-Y-I-F-M-F-R-H,5.713325
90,L-M-D-P-K-K-E-R-G-Q-R-D-K-K-S-P-N-Q-K-N-D-P-S-L-Y-Y-P,6.120200
91,V-L-S-V-V-V-V-T-I-I-V-V-S-V-V-V-V-S-V-V-V-M-V-V-I-V-K,6.599134
92,R-D-V-S-K-S-E-T-A-E-A-G-T-T-R-A-K-T-D-D-L-V-A-K-K-Q-E,6.818484
93,Q-K-K-R-K-K-V-R-W-D-R-D-K-N-S-A-R-D-K-S-R-K-Q-K-Q-K-K,7.077776
94,S-I-V-I-Y-L-V-S-V-I-V-L-V-V-F-Y-V-F-L-Y-A-C-V-E-A-I-F,7.283885
95,F-Y-I-I-I-V-I-V-L-F-L-A-K-W-R-K-I-T-L-T-V-I-F-F-I-V-I,7.434154
96,R-I-M-V-V-V-K-V-P-L-E-W-V-V-N-V-M-V-Y-M-P-P-L-P-K-I-C,7.616800
97,H-H-H-H-H-H-H-H-H-S-H-H-A-H-H-H-H-H-H-H-H-H-N-Y-H-H-P,7.902111
98,P-P-P-P-K-Q-N-P-P-P-P-P-P-P-E-E-E-E-S-E-P-P-N-P-P-E-N,7.847806
99,D-R-S-Q-E-D-R-K-R-K-N-D-G-E-G-Q-G-N-R-N-D-D-Y-C-G-K-R,7.743944
100,Y-Y-Y-F-F-W-F-Y-Y-Y-Y-F-Y-Y-Y-F-Y-Y-Y-Y-S-Y-D-Y-Y-Y-K,7.665637
101,I-N-N-Y-D-N-T-H-S-S-D-N-D-Q-N-D-N-N-N-G-Q-N-A-D-N-N-K,7.180699
102,V-W-S-T-D-S-K-Q-W-E-D-F-G-D-A-S-S-S-L-A-P-P-E-P---V-D,6.029484
103,--K-----------G-K-----------R---G-----G--------------,0.549674
104,--------------S--------------------------------------,0.006188
105,--------------G--------------------------------------,0.005307
106,--------------P--------------------------------------,0.004857
107,--------------I--------------------------------------,0.006179
108,--------------L--------------------------------------,0.007225
109,--------------P--------------------------------------,0.007173
110,--------------R-----------------------T--------------,0.091631
111,H-E-R-A-D-N-E-R-E---S-A---A---R-A-F-P-A-D-K---A-L-V-D,5.101274
112,D-N-N-Q-T-Q-T-T-G-Q-T-S---A-T-F-A-V-R-S-T-T-N-T-K-T-V,6.901621
113,H-L-L-I-Y-L-Y-D-T-Y-I-M-V-K-M-L-Y-I-F-Y-I-F-K-R-Y-E-L,7.944442
114,S-D-D-G-N-G-D-E-H-P-D-D-G-G-V-H-N-S-H-S-D-S-L-E-E-G-D,8.501882
115,N-R-N-A-N-N-F-H-A-N-Y-N-K-F-N-Y-N-N-N-N-H-N-N-G-N-N-K,9.056663
116,D-D-D-D-D-D-D-D-D-D-D-D-D-D-D-D-D-D-D-D-D-D-D-D-D-D-D,9.660467
117,L-I-I-I-I-I-I-L-I-I-F-I-W-V-I-I-I-I-I-I-L-I-V-L-L-I-I,9.740222
118,M-A-M-A-A-A-A-M-A-A-S-A-A-S-A-A-A-A-G-A-L-M-L-K-A-A-M,9.762845
119,L-L-L-L-L-L-V-L-L-L-L-I-L-V-I-V-V-V-L-I-L-L-L-L-L-L-L,9.774001
120,L-L-I-L-L-L-L-L-V-L-M-L-I-L-V-L-L-I-V-L-L-L-I-L-L-L-I,9.768866
121,H-K-K-E-Q-K-R-K-R-K-E-W-K-T-R-R-F-R-R-H-Q-K-Q-Q-K-K-R,9.740233
122,L-L-L-L-L-L-L-L-L-L-L-L-L-L-I-L-V-L-L-L-L-L-L-L-L-I-L,9.716633
123,S-K-S-E-K-A-K-A-E-S-E-P-A-E-E-S-D-P-E-A-S-K-S-T-D-T-N,9.613574
124,E-R-K-E-S-S-T-R-H-S-T-K-K-A-S-T-P-V-Q-T-E-S-S-E-G-P-R,9.519492
125,P-P-P-P-C-P-P-P-S-P-E-P-P-P-D-P-P-P-P-S-K-K-P-K-R-P-P,9.439843
126,--------------------------------L--------------------,0.013780
127,A-I-A-V-A-V-I-V-I-V-L-V-----L-L-P-V-V-I-A-A-A-A-V-V-V,7.676113
128,D-E-S-K-Q-S-T-V-Q-T-T-M---V-S-T-L-T-Q-S-T-K-N-K-K-T-S,7.653855
129,I-L-L-V-E-L-F-P-F-Y-F-F-I-K-F-F-N-L-F-L-L-R-L-I-P-C-N,7.664421
130,T-S-N-S-S-T-R-G-S-N-S-G-D-E-R-G-N-T-S-G-G-T-S-N-S-G-S,7.714006
131,G-D-S-S-D-D-M-P-E-N-D-D-R-A-S-L-F-A-E-G-P-R-A-K-K-N-E,7.738599
132,G-Y-Y-H-S-K-N-R-R-F-V-T-P-P-S-S-T-A-L-N-A-A-S-Y-N-F-H,7.821266
133,V-I-V-V-V-I-V-V-I-I-V-V-T-I-I-T-I-I-V-I-V-V-V-V-V-I-I,7.917956
134,K-H-S-H-R-Q-A-R-L-Q-Q-E-L-E-R-R-K-A-Q-Q-R-R-A-T-K-G-A,7.889032
135,V-P-T-T-A-L-P-A-P-P-P-A-K-L-A-A-A-T-S-A-P-P-T-I-P-P-P,7.796033
136,I-V-V-V-I-G-A-L-I-I-V-I-I-A-V-I-I-V-V-A-L-L-V-L-L-C-L,7.686102
137,D-C-A-T-C-C-C-Q-C-C-S-E-A-K-R-N-K-G-E-V-P-N-Q-H-A-C-S,7.541510
138,L-L-L-L-L-L-L-L-L-L-L-M-T-A-I-L-L-L-Y-L-W-L-L-L-L-L-L,7.451190
139,P-P-P-P-P-P-P-P-P-L-P-V-T-D-A-A-A-P-S-P-Q-P-P-P-P-P-P,7.155881
140,T-D-S-P-E-A-R-Y-D-N-E-E-A-D-D-S-T-S-E-A-R-R-Q-K-R-H-S,6.598317
141,--K---A-A-A-D-R-S-S-Q-T-K-A-H-T-E-T-K-N-V-R-Q-K-K-F-S,5.238846
142,--Q---S-N-G-W---S-T-D-N---G-N---------N-D-N-D-G-P-K--,3.193997
143,--T---------------------------------------------R-A--,0.140369
144,--A--------------------------------------------------,0.020677
145,--A--------------------------------------------------,0.016605
146,K-K-S-E-L-T-A---V-Y-E-S---------------N-R-V-Q-D-D-G--,2.650335
147,E-L-C-T-Q-I-E-C-R-K-A-E-------S-P-D-A-N-D-N-P-D-K-P-P,4.383864
148,P-L-A-F-L-L-S-A-L-F-V-I---Y-P-P-P-V-V-D-V-V-V-V-P-P-P,5.394961
149,K-H-S-P-P-P-T-Q-P-E-E-P-Y-A-R-S-L-G-P-Y-A-K-P-K-A-Q-S,6.075398
150,V-A-S-P-D-N-T-P-P-N-D-D-N-P-E-G-D-V-A-A-P-P-H-P-E-I-V,6.682610
151,G-G-G-G-W-N-Q-G-K-R-G-G-R-D-G-G-G-G-N-G-G-G-G-G-G-P-G,7.478183
152,S-F-T-M-T-Y-K-D-T-T-T-D-G-T-A-T-A-T-A-T-T-D-T-T-S-H-S,7.884004
153,T-K-R-P-E-V-T-Q-D-D-M-I-T-A-T-T-P-V-T-T-L-V-Q-M-R-T-V,8.273287
154,C-G-C-C-C-C-G-C-C-C-T-T-F-A-A-V-S-V-V-C-C-C-C-C-C-C-C,8.748325
155,L-R-L-W-E-Y-I-Q-W-W-T-I-T-T-V-T-K-T-R-V-D-Y-L-Q-S-Y-Y,9.062659
156,A-V-V-V-L-V-V-V-I-V-V-V-I-I-V-V-I-P-L-I-V-V-A-V-T-V-V,9.483210
157,S-T-S-T-S-T-S-A-A-T-S-T-A-L-S-T-S-T-T-S-A-A-M-A-A-T-M,9.691901
158,G-G-G-G-G-G-G-G-G-G-G-G-G-G-G-G-G-G-G-G-G-G-G-G-G-G-G,9.890775
159,W-W-W-W-Y-W-F-W-W-W-W-W-W-W-W-W-W-W-W-W-W-W-W-W-W-W-W,9.908052
160,G-G-G-G-G-G-G-G-G-G-G-G-G-G-G-G-G-G-G-G-G-G-G-G-G-G-G,9.840197
161,S-N-N-D-K-R-R-T-S-A-N-H-D-N-T-H-S-L-R-R-I-R-R-R-I-Y-K,9.184703
162,T-R-L-V-H-L-T-T-I-I-T-M-V-T-T-T-T-P-T-T-V-M-V-T-T-I-I,8.597177
163,N-R-S-D-K-Q-H-A-Q-G-Q-E-R-S-E-D-Y-S-S-D-N-A-G-H-H-K-S,7.935882
164,P-E-G-N-S-T-E-A-D-E-S-E-E-E-S-N-P-D-A-G-H-P-A-N-Q-E-S,7.387381
165,--T--------------------------------------------------,0.017360
166,--W--------------------------------------------------,0.016905
167,--T--------------------------------------------------,0.012893
168,--T--------------------------------------------------,0.011822
169,--S-------------G-D----------------------------------,0.113298
170,S-V-S---S-----R-V-E-----G---G-----S---------------K-T,1.521938
171,E-A-S-D-S-N-K-R-P-S-A-G-A-G-G---G-A-N-T-A-M-H-S-R-A-K,5.100904
172,M-E-S-E-P-G-G-V-L-L-A-G-G-G-S-G-G-L-G-N-G-G-D-A-G-P-E,5.723463
173,V-V-N-R-F-A-R-K-P-P-E-G-T-Q-T-A-Y-G-P-N-R-K-P-S-Q-R-T,6.285080
174,V-Q-Y-L-Y-S-Q-Y-H-S-S-N-G-Q-I-L-S-I-S-L-R-Y-P-W-L-P-Y,6.934358
175,S-P-P-P-S-P-S-N-P-P-N-P-T-A-P-S-S-S-P-P-P-S-A-S-A-S-P,7.612588
176,H-S-D-F-E-D-T-K-Q-N-A-S-T-D-D-D-N-D-T-D-D-N-Q-D-K-P-D,8.042688
177,D-V-T-P-Q-I-R-G-T-T-I-V-K-H-H-S-Q-V-L-I-S-T-V-T-S-V-V,8.463219
178,L-L-L-L-L-L-L-L-L-L-L-L-L-L-L-L-L-L-L-L-L-L-L-L-L-L-P,8.982954
179,Q-Q-R-K-K-Q-K-T-Q-Q-R-Q-Q-Q-L-Q-L-R-Q-Q-Q-Q-Q-R-Q-M-H,9.083522
180,C-V-C-Q-E-Q-M-C-K-E-A-R-K-K-A-K-A-Q-S-K-H-E-E-E-E-E-C,9.137347
181,V-V-L-V-G-G-L-S-L-V-A-V-A-A-V-A-V-V-L-S-V-V-L-V-L-A-A,9.218466
182,N-N-D-K-H-Q-E-S-K-Q-N-I-N-T-D-Q-D-D-N-S-L-E-N-N-D-R-K,9.287875
183,I-L-L-V-V-L-V-I-V-V-I-V-V-V-L-L-V-V-V-I-L-L-V-I-L-V-I,9.326570
184,H-P-P-P-R-L-P-T-P-A-P-P-P-P-E-Q-P-P-V-P-P-T-T-T-R-D-N,9.280283
185,L-L-I-I-L-V-Y-I-I-I-T-K-F-V-I-I-I-I-T-V-V-V-V-I-L-L-I,9.241593
186,L-V-L-M-Y-V-V-L-I-I-V-I-V-N-V-I-V-M-L-I-L-Q-V-I-L-I-L,9.173064
187,S-E-S-E-P-D-D-S-D-N-N-N-S-S-D-D-G-S-S-T-D-K-T-D-D-D-D,8.995861
188,N-R-S-N-S-Y-R-P-S-N-Q-E-D-D-V-R-N-N-N-T-R-D---R-T-L-H,8.671843
189,E-P-S-H-S-A-N-K-E-S-K-A-R-D-S-G-D-A-E-A-A-R-F-K-R-D-A,8.778354
190,K-V-S-I-R-T-S-E-L-M-E-A-A-T-R-E-L-D-D-Q-T-E-F-V-M-L-V,8.846492
191,C-C-C-C-C-C-C-C-C-C-C-C-C-C-C-C-C-C-C-C-C-C-C-C-C-C-C,8.930180
192,I-K-N-D-A-S-K-E-K-N-T-A-K-K-R-A-D-D-N-T-N-E-R-N-N-N-R,8.052151
193,E-A-S-A-F-K-L-V-S-H-I-E-W-Q-S-S-L-A-K-A-R-S-P-D-N-S-A,7.234856
194,T-S-A-K-L-W-S-F-L-M-A-A-H-A-G-Q-D-V-K-A-R-Y-H-R-S-T-A,6.466815
195,Y-T-Y-Y-F-W-S-Y-Y-Y-Y-Y-Y-Y-E-K-Y-Y-G-M-T-F-N-N-R-Q-Y,5.778981
196,K-R-P-H-N-G-S-P-W-K-S-S-G-G-F-F-E-G-G-V-H-K---H-F-W-T,4.802807
197,D-I-G-R-K-S-F-G-R-K-S-P-N-E-G-G-N---D-G-H-N---Y-W-Y-W,3.991191
198,N-R-Q-I-T-T-I-V-G-P-S-I-R-Y-Y-Y-F---P-V-D-R---N-N-N-W,3.380871
199,----------------A-D-G-Y-----G-G-I---G-G-G-Y---F-G-G-P,1.453084
200,----------------G-F-G-----------D-----G-------N------,0.273614
201,----------------Q-R-------------E--------------------,0.115810
202,------------------------------A-T--------------------,0.068715
203,----------------E-T---------K-D-Y-----A-------P------,0.587061
204,----------------A-N---A-L---K-F-H-I-Y-N-A-----V-V-R--,1.802410
205,V-I-I-V-V-V-I-V-I-I-I-I-V-T-I-V-I-V-T-I-I-N---I-L-V-A,6.724991
206,T-T-T-R-T-K-T-T-T-W-T-T-P-P-K-G-T-T-D-W-T-K---G-T-T-T,7.122546
207,D-D-S-D-N-T-Q-N-E-G-D-P-K-N-D-E-S-D-V-D-E-T---M-D-S-S,7.454844
208,V-N-N-D-N-N-N-N-G-D-R-R-Q-A-T-E-A-G-G-N-R-N---N-S-T-T,7.861622
209,M-M-M-M-M-M-M-M-M-M-M-M-E-M-M-T-M-N-H-H-L-Q---M-M-N-T,8.269625
210,L-F-F-L-L-I-F-I-L-V-L-L-L-V-L-I-L-I-L-I-M-I-I-V-L-V-L,9.057567
211,C-C-C-C-C-C-C-C-C-C-C-C-C-C-C-C-C-C-C-C-C-C-C-C-C-C-C,9.240125
212,A-A-A-A-A-A-A-A-A-A-A-A-A-A-A-A-A-I-T-V-A-A-T-A-L-A-A,8.804214
213,G-G-G-G-G-G-G-G-G-G-G-G-G-G-Y-A-G-D-L-Q-E-G-F-G-K-G-G,8.215058
214,E-Y-M-N-D-G-Y-L-Y-T-Y-T-Y-V-A-S-K-S-T-D-S-D-V-S-A-Y-I,7.150212
215,M-K-E-T-T-D-K-D-L-P-K-P-A-P-P-T-R-T-K-P-N-P-P-L-G-P-L,6.324024
216,G-P-----------R-E-E-R-E-S-E-N-D-G-G-T-A-R-K-R-R-A-E-Q,4.083878
217,--G-------------G-G-G-G-G-G-----V-G-G-G---T-R-G-K-G-G,3.073754
218,--E-----------------------------G--------------------,0.128049
219,--G--------------------------------------------------,0.041825
220,--K--------------------------------------------------,0.047179
221,--R-G-R-V-G-Q-G-E-G-G-G-G-G-----G-----N---K-K-G-G-K-G,4.478751
222,K-G-G-R-H-I-E-Q-R-K-K-K-I-V-K-A-A-K-E-T-R-R-A-R-Q-I-K,7.915997
223,D-D-D-D-D-S-D-D-D-D-D-D-D-D-D-D-D-G-G-G-D-A-G-D-A-D-D,8.987383
224,T-A-S-S-A-S-A-P-A-A-A-A-T-T-A-A-A-T-A-A-S-S-I-S-P-T-T,9.493272
225,C-C-C-C-C-C-C-C-C-C-C-C-C-C-C-C-C-C-C-C-C-F-C-C-C-C-C,9.895540
226,A-E-Q-Q-Q-N-Q-Q-L-F-Q-Q-Q-Q-Q-T-Q-N-N-N-K-R-F-N-K-Q-E,9.947784
227,G-G-G-G-G-G-G-S-G-G-G-G-G-G-G-G-G-G-G-G-G-G-G-G-G-G-G,9.990095
228,D-D-D-D-D-D-D-D-D-D-D-D-D-D-D-D-D-D-D-D-D-D-D-D-D-D-D,9.997946
229,S-S-S-S-S-S-S-S-S-S-S-S-S-S-S-S-S-S-S-S-S-S-S-S-S-S-S,9.998831
230,G-G-G-G-G-G-G-G-G-G-G-G-G-G-G-G-G-G-G-G-G-G-G-G-G-G-G,9.998458
231,G-G-G-G-G-G-G-G-G-G-G-G-G-G-G-G-G-G-G-G-G-G-G-S-G-G-G,9.996780
232,P-P-P-P-P-P-P-P-P-P-P-P-P-P-P-P-P-P-P-P-P-P-P-P-P-P-P,9.985198
233,L-F-V-L-L-L-H-L-L-L-L-L-M-M-L-L-L-L-L-L-L-L-L-L-L-L-L,9.786703
234,I-V-V-V-V-N-V-V-M-A-V-V-F-V-V-V-V-N-V-N-V-V-I-L-V-M-I,9.389089
235,C-M-C-C-C-C-T-C-C-C-V-H-R-V-S-A-V-Y-Y-C-C-C-C-C-C-C-C,8.791303
236,D-K-N-K-M-Q-R-D-Q-D-D-K-K-N-G-S-R-N-E-P-G-K-D-E-G-R-N,7.509562
237,--S---V-N-A-F---V-Q-----D-------------D-----G-G---D--,1.511765
238,--P---N-D-N-K---D-D-----D-------------G-----------N--,1.125999
239,--Y---G-N-G-D---D-T-----A-------------G-----------V--,0.982566
240,--N---------T-----------G-------------------------D--,0.161238
241,--N-----------------------------------------I-----S--,0.066168
242,--R---T-H-Q-----H-V-----K-------------------I---K-P--,1.084646
243,G-W-G-W-M-W-Y-E-W-W-G-K-W-N-D-S-D-G-G-T-G-K-Q---G-F--,4.471232
244,V-Y-Q-L-T-Q-F-T-L-Y-K-K-I-K-R-Q-E-L-K-R-V-V-G-V-K-V-G,5.852219
245,L-Q-L-Q-L-V-V-L-L-Q-L-L-Q-L-L-L-L-T-L-V-L-A-I-F-V-V-L,6.973314
246,Q-M-Q-A-L-H-T-Q-T-V-V-A-V-I-V-V-H-Y-V-V-E-A-D-R-D-V-Q,7.758126
247,G-G-G-G-G-G-G-G-G-G-G-G-G-G-G-G-G-G-G-G-G-G-S-G-G-G-G,8.671587
248,I-I-V-V-I-I-I-I-I-V-V-I-I-V-V-I-V-I-V-V-V-I-F-V-I-I-I,8.742802
249,T-V-V-V-I-V-V-L-I-V-V-V-V-T-V-V-V-T-V-T-V-V-V-T-L-T-V,8.766366
250,S-S-S-S-S-S-S-S-S-S-S-S-S-S-S-S-S-S-N-S-T-S-I-S-S-S-S,8.727178
251,G-W-W-W-W-F-W-W-W-W-W-W-W-W-W-W-W-F-F-W-S-Y-W-F-F-W-G,8.581186
252,G-G-G-G-G-G-G-G-G-G-G-G-G-G-G-G-G-G-G-V-G-G-G-G-S-G-G,7.980160
253,A---------S---V-------------------A---V-S-----L-S---G,1.560660
254,--------------------------------------S-------E------,0.150844
255,--------------------------------------S--------------,0.010458
256,--------------------------------------G--------------,0.012433
257,----------------------------------A---L--------------,0.103489
258,T-E-Y-E-V-L-E-Y-E-I-F-L-D-E-Y-Y-N-A-V-G-R-----N-K-V-N,5.592871
259,P-G-G-G-G-G-G-P-G-G-G-G-G-G-G-R-S-G-P-T-V-Y---K-N-G-P,6.411429
260,C-C-C-C-C-C-C-C-C-C-C-C-C-C-C-C-C-C-C-C-C-K-C-C-C-C-C,7.734289
261,A-D-A-A-G-Y-A-G-A-G-A-A-A-A-G-A-A---A-L-G-D-A-G-T-A-G,7.074843
262,K-R-R-P-K-Y-R-S-D-R-M-R-R-R-D-D-L-E-L-P-N-G-T-D-D-R-Q,6.671687
263,K-D-N-N-D-H-K-A-D-P-P-P-S-P-V-D-P-A-----R---R-P-I-A-P,5.541869
264,--G-----------Q---N-G-E-G-G-R-N-N-G-G-D-K-S-L-R-F-K-R,5.019200
265,T-K-K-R-V-K-K-H-R-R-Y-Y-V-K-Y-Y-Y-Y-Y-Y-K-P-F-G-K-R-K,8.334272
266,P-Y-P-P-P-P-Y-P-P-P-P-P-P-P-P-P-P-P-P-P-P-P-P-P-P-P-P,9.166601
267,A-G-G-G-G-S-G-A-G-G-G-G-G-G-G-G-G-D-D-S-G-R-D-G-T-G-A,9.474656
268,I-F-V-I-V-V-I-V-V-V-V-V-V-V-V-V-V-A-G-V-I-A-F-V-V-V-L,9.585767
