column_index,alignment_column,zorro_score
1,Y-K-Q-S-S-P-G-F-V-I-S-N,4.189493
2,T-D-D-G---S-D-G-R-V-S-I,3.905751
3,P-V-A-A-T-S-A-T-A-G-S-S,4.350230
4,I-I-V-I-V-I-A-L-G-V-V-P,4.319425
5,D-Q-G-N-Q-T-K-G-L-S-S-S,4.245293
6,I-K-T-A-T-A-E-V-G-A-T-P,4.188412
7,S-G-G-A-G-I-A-L-K-G-A-A,4.154991
8,L-I-I-I-I-L-V-A-G-I-L-A,4.149281
9,S-S-D-G-N-A-S-S-L-I-K-A,4.147699
10,L-V-I-V-I-S-I-I-G-V-V-I,4.125180
11,T-V-V-T-A-I-G-V-I-V-A-T,4.097912
12,--G-S-G-G-G-T-I-V-G-G-S,3.490759
13,Q-D-T-T-R-I-T-S-S-T-A-K,3.523652
14,F-L-I-V-I-L-I-T-T-M-I-I,3.539065
15,L-L-I-L-L-N-V-I-I-L-L-V,3.556482
16,L-G-S-G-G-R-S-N-V-G-K-S,3.504884
17,S-V-G-F-V-V-L-L-G-A-F-I,3.448664
18,E-V-L-L-L-I-I-A-F-F-V-V,3.477302
19,F-G-G-G-G-A-T-T-F-A-N-L,3.469045
20,V-F-I-V-V-L-A-S-G-A-P-K,3.515082
21,P-P-P-P-P-T-P-P-G-P-P-T,3.633616
22,G-F-V-F-F-G-S-S-S-V-A-L,3.265739
23,----------V-L---I-L---A,0.395972
24,A-G-L-A-A-L-T-I-I-A---K,2.793313
25,G-G-G-G-G-G-G-G-L-A-G-A,3.554461
26,F-A-E-A-Q-N-L-D-D-G-T-V,3.514035
27,V-L-V-L-L-T-I-A-T-I-V-A,3.567907
28,L-V-F-T-A-Q-S-F-I-I-L-S,3.605903
29,G-S-S-T-S-E-I-A-G-S-T-S,3.665309
30,L-F-I-F-F-V-V-L-L-F-V-L,3.699341
31,V-Y-L-Y-Y-I-Y-V-F-G-L-A,3.700016
32,D-T-G-Q-S-S-D-S-Y-T-S-D,3.717983
33,I-N-S-K-F-I-L-S-Q---A-S,3.449230
34,I-F-L-L-L-I-I-I-I-L-V-I,4.127267
35,W-L-I-F-V-Q-G-G-S-L-L-K,3.991055
36,G-N-G-G-G-D-K---E-P-P-S,3.512990
37,I-T-L-F-E-A-V-E-L-I-I-S,4.372584
38,F-I-L-L-L-L-L-Y-L-F-L-L,4.611919
39,G-W-W-F-W-G-G-W-W-W-W-G,4.743615
40,P-P-P-P-P-F-G-P-P-Q-P-I,4.590150
41,S-S-S-N-R-I-S-E-E-G-T-S,4.084327
42,----N-N-G-R-S-T-D-S-N-K,2.882819
43,----N-N-----G---D-D-T-T,1.524188
44,----------------T-P-P-I,0.546368
45,----------------Q---T-T,0.355276
46,--------------------P-E,0.299199
47,--E-E-T-R-N-Q-K-Q-A-E-N,3.134649
48,--D-N-K-D-G-S-T-Y-N-R-N,3.563418
49,Q-P-V-Q-Q-T-I-S-T-V-V-V,4.908521
50,W-W-W-W-W-G-S-F-W-W-W-S,6.026797
51,D-K-Q-E-E-N-D-P-Q-Q-N-Q,6.366146
52,A-A-I-E-I-E-L-L-D-D-D-V,6.619017
53,F-F-F-F-F-L-S-S-I-L-F-S,6.852872
54,L-M-M-M-L-L-I-V-M-L-M-M,7.309645
55,V-E-N-K-E-I-C-A-N-N-T-V,7.403262
56,Q-Q-R-Q-H-H-D-D-H-I-N-Q,7.492189
57,I-V-V-V-V-V-L-V-V-G-T-V,7.659739
58,E-E-E-E-E-E-L-N-E-G-G-H,7.751423
59,Q-A-E-A-Q-Q-S-R-D-R-N-Q,7.875554
60,L-L-L-L-L-L-I-L-L-P-L-I,7.950232
61,I-M-I-I-I-I-I-I-I-I-I-I,7.979895
62,N-D-D-D-N-Q-D-R-D-Q-D-N,7.861675
63,Q-Q-Q-E-Q-Q-L-E-K---Q-R,7.583369
64,R-K-K-K-Q-T-R-A-R-E-T-R,8.259204
65,I-I-I-I-I-L-V-L-I-I-V-I,8.393742
66,E-A-L-S-T-A-S-D-T-D-T-Q,8.399276
67,E-D-D-D-E-T-Q-Q-E-K-A-E,8.388488
68,F-Y-S-A-N-Q-S-N-V-N-Y-T,8.384002
69,A-A-V-V-A-Y-V-A-I-I-V-I,8.392896
70,R-K-R-R-R-R-L-I-R-I-R-L,8.373760
71,N-N-S-N-N-S-N-N-G-N-T-D,8.374811
72,Q-K-R-K-T-A-D-R-N-V-D-L,8.351247
73,A-A-A-A-A-A-G-A-A-L-A-G,8.342770
74,I-L-I-I-L-T-I-T-I-T-N-E,8.310533
75,S-A-A-S-A-G-A-G-R-S-A-S,8.234411
76,R-E-D-E-R-A-D-K-T-I-K-S,8.219503
77,L-L-L-L-L-I-F-F-L-V-M-L,8.230544
78,E-Q-A-Q-Q-Y-N-N-A-T-T-N,8.145879
79,G-G-N-G-G-G-G-G-D-P-V-G,8.105363
80,L-L-S-L-L-I-S-L-L-I-V-L,8.048568
81,S-Q-R-V-G-S-V-M-Q-K-K-V,7.942239
82,N-N-I-N-D-R-L-D-G-N-D-A,7.847995
83,L-N-A-N-S-S-L-T-K-Q-Y-I,7.763792
84,Y-V-V-I-F-Y-Y-Y-V-L-L-Y,7.733809
85,Q-E-E-T-R-D-R-N-D-D-D-N,7.281753
86,--------------T-------R,0.642455
87,I-D-Y-L-A-N-N-V-D-K-Q-D,8.203751
88,Y-Y-Y-Y-Y-Y-Y-Y-Y-Y-Y-Y,8.923975
89,A-V-Q-T-Q-L-L-L-N-Q-T-L,8.968813
90,E-S-N-E-Q-M-E-K-N-E-T-G,9.040952
91,S-A-A-A-S-F-A-N-W-F-K-A,9.128164
92,F-L-L-L-L-F-L-L-L-F-F-L,9.275570
93,R-S-E-E-E-R-D-Q-K-D-N-E,9.349942
94,E-S-D-E-D-Q-S-D-K-K-T-A,9.418996
95,W-W-W-W-W-W-W-W-W-W-W-W,9.492037
96,E-Q-R-L-L-E-N-Y-K-E-K-N,8.896913
97,A-K-K-E-E-R-K-D-D-P-R-N,8.427829
98,D-N-N-N-N-N-N-T-D-A-E-N,8.018961
99,P-P-P-K-R-R-P-R-P-R-P-K,7.266838
100,--V---------N-I--------,0.415052
101,--S---------S-P--------,0.363699
102,--S---------A-A--------,0.276392
103,--------------N--------,0.015228
104,--------------P--------,0.012710
105,--------------Q--------,0.026743
106,T-R-H-E-D---S-G-K---N-S,3.412311
107,N-N-S-N-D-T-A-D-S-T-N-N,4.234429
108,P-P-T-P-A-R-E-S-T-H-Q-I,4.330663
109,A-H-R-A-R-E-E-Q-G-A-S-N,4.550366
110,L-S-S-V-T-N-L-L-N-N-Y-Y,4.839636
111,R-Q-A-R-R-G-R-R-L-A-R-Q,5.065240
112,E-G-A-D-S-Q-T-E-S-K-T-T,5.244577
113,E-R-L-R-V-Q-R-A-T-A-A-N,5.527422
114,M-I-V-V-L-V-F-A-L-V-V-V,5.881851
115,R-R-K-L-Y-E-R-R-V-H-I-A,6.001353
116,I-E-E-Q-T-S-I-R-T-D-T-E,6.138230
117,Q-L-R-R-Q-A-A-S-K-L-Q-A,6.307735
118,F-F-F-W-Y-F-D-L-F-F-F-F,6.566746
119,N-S-G-R-I-T-S-E-T-T-N-K,6.543601
120,D-Q-N-I-A-T-E-E-A-T-L-T,6.510165
121,M-A-A-L-L-I-F-I-L-L-T-V,6.547152
122,N-E-E-D-E-N-D-E-D-E-S-E,6.534164
123,S-S-A-G-L-T-R-R-S-P-A-R,6.392539
124,A-H-I-F-D-L-I-D-D-I-K-E,6.255767
125,L-F-L-F-F-C-L-F-F-I-L-F,6.178474
126,T-R-R-E-L-I-T-R-N-D-R-F,5.939333
127,T-N-T-Q-N-N-R-K-G-K-E-T,5.765780
128,A-S-N-Q-A-A-G-A-A-D-T-K,5.618612
129,I-M-M-M-M-L-S-L-I-L-A-L,5.379529
130,P-P-G-P-P-A-L-A-R-D-V-K,4.840259
131,L-S-S-S-L-P-T-G-T-M-Y-G,4.354526
132,L-F-F-F-F-Q-N-E-V-L-F-I,4.015455
133,A-A-S-A-A-A-G-F-N-K-S-Y,3.687252
134,V-I-Q-V-I-S-G-A-N-N-N-R,3.335933
135,Q-S-T-K-R-L-S-E-Q-N-L-T,3.084825
136,----------S-L-A-G-A-V-S,1.646520
137,----------R-A---S------,0.327630
138,----------R-R---P------,0.351558
139,------------Q----------,0.022012
140,N-G-N-G-N-G-N-G-G-S-G-S,8.325946
141,Y-Y-Y-F-Q-F-A-S-Y-Y-Y-S,8.974414
142,Q-E-E-E-E-E-Q-Q-E-R-E-Q,9.404327
143,V-V-T-V-V-T-I-I-L-I-L-I,9.612405
144,P-L-P-L-P-L-L-V-L-P-L-T,9.705382
145,L-F-L-L-L-L-L-L-L-T-L-L,9.838062
146,L-L-L-L-L-L-L-L-L-L-L-L,9.918796
147,S-T-P-V-M-P-P-P-P-P-P-P,9.967450
148,V-T-T-V-V-N-S-I-V-A-I-T,9.983797
149,Y-Y-Y-Y-Y-Y-F-Y-Y-Y-Y-F,9.995843
150,V-A-A-T-A-A-A-A-A-A-A-T,9.996479
151,Q-Q-Q-Q-Q-M-S-Q-Q-Q-Q-Q,9.996535
152,A-A-A-A-A-A-A-A-I-I-V-A,9.995586
153,A-A-A-A-A-A-A-A-A-A-A-A,9.996047
154,N-N-S-N-N-N-F-N-N-T-N-N,9.995726
155,L-T-L-L-L-F-F-I-L-W-F-L,9.995866
156,H-H-H-H-H-H-H-H-H-H-N-H,9.996687
157,L-L-L-L-L-L-L-L-L-L-L-L,9.992133
158,S-F-L-L-L-L-L-L-L-N-L-S,9.981458
159,V-L-V-S-L-L-L-I-L-L-L-M,9.979807
160,L-L-M-L-L-L-L-L-L-L-I-L,9.980257
161,R-K-R-R-R-R-R-K-R-K-R-R,9.972745
162,D-D-D-D-D-D-D-D-D-H-D-D,9.945910
163,V-A-V-A-A-A-A-A-A-A-G-A,9.825717
164,S-Q-Q-Y-S-V-T-M-Q-A-L-V,9.713851
165,V-I-I-I-L-L-R-Q-I-T-I-M,9.630898
166,F-Y-Y-Y-F-Y-Y-F-Y-Y-N-Y,9.579062
167,G-G-G-G-G-R-G-R-G-Y-A-Q,9.345604
168,Q-E-K-A-S-N-T-T-D-N-Q-E,9.133282
169,R-E-E-E-E-Q-N-D-K-I-E-G,8.961302
170,W-W-W-W-F-W-W-L-W-W-W-W,8.783080
171,G-G-G-G-G-L-G-G-W-L-S-N,7.544442
172,F-Y-Y-L-L-S-L-L-S-Q-L-L,6.877661
173,D-E-P-T-T-N-Y-I-A-N-A--,5.184243
174,----------S-N-R-R-Q----,0.914548
175,--------------P---G----,0.082074
176,--------------V---I----,0.062769
177,--------------G---N----,0.040460
178,--------------V--------,0.020032
179,--------------P---P----,0.171620
180,--------------I---S----,0.181546
181,--------------T---T----,0.177407
182,A-K-Q-P-S-I-A-T-A-F-R--,3.772220
183,A-E-N-T-Q-S-T-S-N-N-S-Q,4.313048
184,T-D-D-N-E-T-P-A-A-S-A-S,4.561606
185,I-I-I-I-I-A-F-E-R-S-G-H,4.759679
186,N-A-D-D-Q-N-I-D-D-N-D-I,5.092459
187,S-E-L-Q-R-V-N-P-N-Y-Q-N,5.367240
188,R-F-F-N-Y-N-Y-F-Y-Y-L-Y,5.856861
189,Y-Y-Y-H-Y-L-Q-E-Y-Q-Y-S,6.087061
190,N-K-K-T-E-N-S-S-Q-G-N-K,6.455526
191,D-R-E-R-R-I-K-E-I-Y-T-E,6.772777
192,L-Q-Q-L-Q-L-L-F-Q-L-M-L,7.178457
193,T-L-V-L-V-R-V-L-L-K-V-D,7.433229
194,R-K-S-R-E-A-E-L-E-R-Q-D,7.772356
195,L-L-Y-H-R-A-L-R-K-K-Y-A,8.156219
196,I-T-T-S-T-I-I-I-T-I-T-L,8.688206
197,G-Q-A-A-R-N-E-K-K-Q-K-E,9.181152
198,N-E-R-E-D-E-L-K-E-E-E-D,9.563028
199,Y-Y-Y-Y-Y-Y-Y-Y-Y-Y-Y-Y,9.898858
200,T-T-S-T-S-I-T-T-T-T-I-T,9.919889
201,D-D-D-D-D-T-D-D-E-D-A-N,9.938389
202,Y-H-H-H-Y-H-Y-H-Y-Y-H-Y,9.964004
203,A-C-C-C-C-C-C-C-C-C-S-C,9.975325
204,V-V-V-V-V-T-V-I-I-I-I-V,9.981173
205,R-K-Q-N-E-R-H-S-N-Q-T-E,9.984212
206,W-W-W-W-W-W-W-Y-W-T-W-V,9.990078
207,Y-Y-Y-Y-Y-Y-Y-Y-Y-Y-Y-Y,9.996567
208,N-N-N-N-N-Q-N-D-N-N-N-T,9.993997
209,T-V-A-T-T-D-R-D-K-A-K-K,9.989620
210,G-G-G-G-G-G-G-G-G-G-G-G,9.986721
211,L-L-L-L-L-L-F-L-L-L-L-L,9.934722
212,E-D-N-K-N-N-N-A-N-T-D-N,9.722842
213,R-K-K-Q-S-R-E-K-D-M-V-A,9.362927
214,V-L-L-L-L-F-L-I-F-I-L-L,9.029856
215,W-R-R-E-R-D-R-R-R-R-R-R,7.840745
216,----------R-Q-S--------,0.844386
217,----------S-R-R--------,0.791423
218,----------S------------,0.058909
219,G-G-G-N-G-R-G-G---T-N-G,6.348600
220,P-S-T-S-T-A-T-S---N-K-S,6.623048
221,D-S-G-D-N-N-S-D-T-T-S-T,7.228869
222,S-Y-A-A-A-M-A-G-A-N-N-A,7.743882
223,R-E-K-K-A-N-T-E-G-A-G-I,8.287381
224,D-S-Q-S-S-E-A-T-Q-T-Q-D,9.137371
225,W-W-W-W-W-W-W-W-W-W-W-W,9.943225
226,V-V-V-F-V-R-L-W-V-N-I-L,9.948523
227,R-N-D-Q-R-R-E-E-N-M-T-E,9.966182
228,Y-F-Y-Y-Y-F-F-F-F-Y-F-F,9.987998
229,N-N-N-N-N-N-H-N-N-N-N-N,9.994067
230,Q-R-R-R-Q-A-R-K-R-T-D-S,9.995043
231,F-Y-F-F-F-Y-Y-F-Y-Y-Y-F,9.997055
232,R-R-R-R-R-R-R-R-R-R-K-R,9.998498
233,R-R-R-R-R-R-R-R-R-L-R-R,9.998696
234,E-E-E-E-D-D-E-E-E-E-E-D,9.999451
235,L-M-M-M-L-M-M-M-M-M-M-M,9.999525
236,T-T-N-T-T-T-T-T-T-T-T-T,9.998944
237,L-L-V-L-L-L-L-L-L-L-I-L,9.998103
238,T-T-M-S-G-S-M-T-T-T-Q-M,9.997844
239,V-V-V-V-V-V-V-V-V-V-V-V,9.998846
240,L-L-L-L-L-L-L-L-L-L-L-L,9.999482
241,D-D-D-D-D-D-D-D-D-D-D-D,9.999718
242,I-L-L-V-L-F-I-L-I-L-I-L,9.997143
243,V-I-V-I-V-A-V-V-I-I-L-V,9.995265
244,A-A-A-A-A-T-A-A-S-A-A-A,9.995522
245,L-L-L-L-L-V-S-L-M-I-L-I,9.996931
246,F-F-F-F-F-F-F-Y-F-F-F-F,9.998010
247,S-P-P-P-P-P-S-P-P-P-A-P,9.996490
248,N-L-N-A-S-T-S-T-I-N-S-N,9.995322
249,Y-Y-Y-Y-Y-Y-L-H-Y-Y-Y-Y,9.995341
250,D-D-D-D-D-D-D-N-D-D-D-N,9.992473
251,S-V-A-V-T-P-I-I-A-P-P-P,9.980405
252,R-R-R-K-R-V-T-K-R-E-R-V,9.975813
253,R-L-I-M-T-L-N-L-L-K-R-R,9.978049
254,Y-Y-Y-Y-Y-F-Y-Y-Y-Y-Y-Y,9.991468
255,P-P-P-P-P-P-P-P-P-P-P-P,9.971946
256,I-K-L-I-I-A-I-I-T-I-A-L,9.655940
257,R-E-E-P-N-A-E-P-E-G-D-S,9.337585
258,--------------------K--,0.086491
259,--------------------I--,0.073305
260,T-V-T-T-T-T-T-T-V-V-D-T,8.381173
261,V-K-N-N-S-N-D-Q-K-K-N-K,8.429101
262,S-T-A-F-A-V-F-T-T-S-T-I,8.438998
263,Q-E-E-Q-Q-E-Q-E-E-E-K-S,8.447058
264,L-L-L-L-L-L-L-L-L-L-L-L,8.453670
265,T-T-T-T-T-T-S-S-T-I-S-S,8.441081
266,R-R-R-R-R-R-R-R-R-R-K-R,8.432589
267,E-D-E-E-E-V-V-V-E-E-T-K,8.424519
268,I-V-I-V-V-V-I-V-I-V-E-I,8.416046
269,Y-L-F-Y-Y-Y-Y-Y-Y-Y-F-Y,8.400625
270,T-T-T-T-T-T-T-T-S-T-T-T,8.326358
271,N-D-D-D-D-D-D-D-D-N-R-D,7.973036
272,P-P-P-V-A-P-P-P-V-V-E-P,7.342937
273,V-I-V-I-I-I-I-V-I-N-I-V,6.697648
274,L-V-G-G-G-V-G-G-N-S-Y-G,5.429614
275,E-G-S-K-A-M-F-C-G-D-T-R,4.397976
276,N-V-Y-I-T-A-V-F-E-T-A-T,3.743285
277,F-N-V-G-G-G-H-G-I-F-L-D,3.234595
278,D-N-T-R-V-G-R-N-Y-R-V-S,2.845669
279,G-L-G-N-N-R-S-R-G---E-P,2.369335
280,S-R-Q-D-M-T-S-K-L---S-S,2.082763
281,--G-S-S-A-A-L-S-M---P-F,1.406414
282,----S-D-S---R-D-T-----G,0.840510
283,----T---M--------------,0.070619
284,----L---N--------------,0.035250
285,----I------------------,0.036758
286,----S-------G----------,0.030527
287,----W-------E---------D,0.107999
288,----Y-------S---------W,0.083831
289,----D-H-----W---------T,0.112805
290,----M-W-W---F---------N,0.250913
291,----I-Y-Y---S---------T,0.303966
292,----P-S-N---F-I-------G,0.733854
293,----A-A-N---V-F-------R,1.020660
294,F-Y-A-N-N---N-S-P---S-T,2.250032
295,R-G-L-A-A-I-R-R-Y---S-L,3.386003
296,G-T-P-P-P-P-A-L-F---K-A,3.988113
297,M-T-S-S-S-G-N-N-S-T-S-N,5.474181
298,A-F-F-F-F-F-F-F-F-I-I-F,6.289470
299,Q-S-S-S-S-T-S-D-E-T-A-N,6.695361
300,R-N-T-N-A-R-D-Y-K-E-A-D,7.110921
301,I-I-L-L-I-M-L-L-A-L-L-L,7.480437
302,E-E-E-E-E-E-E-E-E-E-E-E,7.593699
303,Q-N-N-S-A-N-N-N-S-N-A-R,7.186384
304,------T-A-----R-L-G-A-E,3.752665
305,N-Y-L-L-A-L-A-L-Y-L-L-V,6.331731
306,I-I-L-I-I-V-I-T-T-T-T-T,6.870128
307,R-R-R-R-R-N-P-R-R-R-R-D,7.373768
308,Q-K-K-T-S-S-N-P-A-N-D-S,7.577978
309,P-P-P-P-P-A-P-R-P-P-V-P,7.810999
310,H-H-D-H-H-S-R-E-H-T-H-S,7.989215
311,L-L-F-V-L-R-P-P-L-L-L-L,8.142184
312,M-F-F-V-L-V-S-F-F-F-F-V,8.282803
313,D-D-T-D-D-S-W-N-T-T-T-K,8.352405
314,I-Y-L-Y-F-F-F-Y-W-W-W-W,8.422133
315,L-L-L-I-L-L-L-L-L-I-L-L,8.450122
316,N-H-Q-K-E-N-N-N-K-N-K-G,8.370179
317,S-R-E-K-Q-Q-N-S-G-Q-R-D,8.243308
318,I-I-I-L-L-M-M-V-F-G-V-M,8.099966
319,T-Q-R-K-T-N-I-Q-R-R-D-T,7.933385
320,I-F-M-I-I-I-I-L-F-F-F-I,7.684130
321,Y-H-Y-F-F-Y-S-F-V-Y-W-Y,7.341604
322,T-T-T-Y-S-T-T-A-T-T-T-T,6.841273
323,D-R-S-A-A-S-G-S-N-R-N-G,5.796280
324,V-F-F-T-S-F-S-T-S-N-T-A,4.835396
325,H-Q-R-V-S-Y-L-V-I-S-I-I,4.015841
326,R-P---D---F-T-S-S-R-Y-D,2.353286
327,----------R-L---------S,0.154368
328,------------P---------Y,0.042267
329,----------------------R,0.010051
330,--G-Q-Y-R---V-----D---P,0.628844
331,--Y-N-Y-W---S-----I---T,0.697588
332,--Y-G-G-S-P-P-----L---S,0.948747
333,--G-T-I-N-H-S-N---D---P,1.236781
334,--N-I-Y-T-N-T-S---P---G,1.408000
335,--D-E-G-R-I-D-N---Y-Q-D,1.736185
336,G-S-Y-R-H-P-R-N-Y-D-D-R,2.640339
337,F-F-Y-S-M-R-A-G-W-I-L-I,3.106576
338,N-N-N-G-T-Y-R-E-T-F-R-G,3.524819
339,Y-Y-Y-K-Y-Y-V-V-F-S-F-V,4.137272
340,W-W-W-W-W-W-W-L-L-F-L-W,4.529545
341,S-S-G-V-R-S-Y-R-S-T-S-Y,4.684754
342,G-G-G-G-G-G-G-G-G-G-A-G,4.797351
343,H-N-Q-H-H-N-S-N-G-N-N-N,4.604285
344,Q-Y-R-I-T-Q-R-L-Q-Q-K-I,4.278414
345,I-V-L-I-I-N-D-N-N-M-I-N,3.955133
346,T-S-T-T-Q-F-R-K-K-A-G-A,3.648298
347,A-T-L-S-S-L-I-I-Y-F-F-F,3.472160
348,S-R-S-A-R-S-S-M-S-T-S-Y,3.296003
349,P-P-Y-T-P-N-P-F-Y-H-Y-H,3.018913
350,--S-I-S-I-G-A-E-T-T-T-T,2.122370
351,----------------N------,0.004961
352,--------------G--------,0.002563
353,V-------------G--------,0.003302
354,G-I-----------W-N------,0.189731
355,F-G-----------T-S---N--,0.174778
356,S-S-----G---N-A-S---S--,0.342143
357,G-N-Y-A-G---S-S-I---S--,0.545250
358,P-D-G-N-G---Q-R-N-N-A-G,0.748983
359,E-I-S-T-L---F-S-E-D-M-R,0.758371
360,F-I-S-T-N---I-G-G-D-Q-T,0.768723
361,A-T-F-E-T-T-T-D-S-R-E-D,0.952975
362,F-S-N-T-S-S-E-G-F-N-S-V,1.019470
363,P-P-K-R-T-N-L-V-R-I-G-V,1.097296
364,L-F-Y-N-H-L-I-T-G-I-I-M,1.215649
365,F-Y-S-Y-G-Y-S-T-Q-W-Y-F,1.298231
366,G-G-G-G-A-G-G-G-D-G-G-R,1.362621
367,N-N-V-T-T-Y-Q-T-T-A-S-Q,1.334995
368,A-K-L-I-N-R-H-P-D-V-S-T,1.254338
369,G-S-A-V-T-S-T-F-Y-H-G-G,1.171717
370,N-------------S-G-G-F-D,0.174633
371,A-S---N-S-----------G-T,0.437964
372,A-E-G-H-I-D-T-T-G-N-S-A,1.063032
373,P-P-A-D-N-G-A-M-T-I-N-Y,1.102067
374,P-V-E-S-P-R-T-D-S-I-L-E,1.154319
375,V-Q-D-V-V-T-Q-W-S-S-T-D,1.232481
376,L-N-I-E-T-T-T-S-T-Q-H-P,1.315314
377,V-L-I-L-L-F-I-Y-I-D-Q-S,1.409543
378,S-E-P-N-R-N-L-G-N-T-I-T,1.416691
379,L-F-V-F-F-V---W-I-S-Q-F,1.486728
380,T-N-G-E-A-S---G-P-K-L-I,1.522923
381,--------------Y-S-----S,0.012055
382,----------------------N,0.001571
383,----------------------I,0.006276
384,----------------------L,0.008491
385,G-G-Q-G-S-N-G-P-N-V-N-Y,2.395268
386,L-E-N-K-R-I-R-R-S-F-S-D,2.635808
387,G-K-D-N-D-D-N-K-Y-P-N-D,2.945704
388,I-V-I-I-V-I-I-H-V-F-V-I,3.173011
389,F-Y-Y-Y-Y-F-F-Y-Y-Y-Y-Y,3.213612
390,R-R-R-K-R-R-R-A-N-R-K-K,3.110253
391,T-A-V-T-T-V-V-E-L-N-T-L,2.776175
392,L-V-V-G-E-N-D-I-W-K-S-D,2.395669
393,S-A-W-S-S-M-S-T-T-P-I-L,2.104635
394,S-N-T-L-Y-T-Q-S-E-I-T-R,1.796193
395,P-T-Y-P-A-T-A-R-N-D-D-A,1.534310
396,L-N-I-Q-G-H-C-S-Y-K-T-A,1.255734
397,Y-L-G-G-V-I-N-Q-E-V-S-A,1.054767
398,R-A-R-V-L-G-L-A-Y-E-S-V,0.932483
399,R-V-Y-P-L-G-N-L-I-I-P-S,0.818734
400,I-W-T-P-W-A---P-Y-V---T,0.519848
401,I-P-N-Y-G-F---G-P-R---I,0.489333
402,L-S---Q-I-T---L-W-H---Q,0.449713
403,G-----I-Y-----N---R---G,0.109311
404,S-----G-L--------------,0.022147
405,G-----Y----------------,0.006971
406,P-----V----------------,0.004710
407,N---------------------A,0.011832
408,N-----T---------------M,0.048503
409,Q-A-S-P-E-D-D-N-G-E---D,1.143740
410,E-V-L-I-P-D-T-S-D-Y---T,1.183708
411,L-Y-L-Y-I-Y-T-I-P-S-S-T,1.529775
412,F-S-G-F-H-R-Y-H-V-D-N-F,1.615644
413,V-G-V-I-G-G-G-V-N-I-R-G,1.816108
414,L-V-N-T-V-L-V-I-I-I-V-V,1.994784
415,D-T-P-R-P-H-N-V-T-Y-T-S,2.064415
416,G-K-V-A-T-R-R-G-K-E-K-S,2.164449
417,T-V-T-V-V-A-A-I-M-M-M-S,2.277227
418,E-E-F-N-R-E-V-D-N-I-D-R,2.371501
419,F-F-Y-F-F-F-F-S-F-F-F-F,2.429524
420,S-S-F-F-N-I-Y-F-S-F-Y-F,2.278288
421,F-Q-S-T-F-G-H-R-V-S-K-D,2.146670
422,A-Y-N-V-T-A-D-A-T-N-I-I,2.044518
423,S-N-N-S-N-N-A-I-D-S-D-R,1.989120
424,L-D---G-P-T-S-G-N-S-G-G,1.731355
425,--Q---S-Q-Q-E----------,0.622736
426,------K----------------,0.012956
427,------T----------------,0.010544
428,------S----------------,0.007733
429,------V----------------,0.002841
430,------E----------------,0.002697
431,------K-N---G----------,0.073105
432,T-T---Y-I-N-S-P--------,0.275389
433,T-D---Y-S-N-Q-G-N------,0.586880
434,N-E---S-D-Q-R-G-S------,0.637630
435,L-A---K-R-R-S-Q-S------,0.694521
436,P-S-T-K-G-T-V-G-K-E-T-R,1.523455
437,S-T-Q-D-T-S-Y-D-E-V-L-N,1.660612
438,T-Q-K-R-A-L-E-H-L-F-A-Q,1.834500
439,I-T-T-Y-N-L-G-T-I-R-S-L,2.085673
440,Y-Y-Y-Y-Y-Y-Y-F-Y-Y-Y-Y,2.361170
441,R-D-S-S-S-S-I-S-G-S-N-Q,2.286663
442,Q-S-K-E-Q-V-R-L-A-S-S-S,2.224903
443,R-K-P-G-P-E-T-P-H-N-N-N,2.158904
444,--R-K-L-Y-I-T-G-R-S-I-K,1.936204
445,--N-Q-P-E-P-G-G-T-T-T-P,1.864565
446,--V-F-E-S-S-I-D-N-I-P-Y,1.759611
447,--------P-S-D-------T-P,0.466331
448,--G-----G-H-N---K-E-P-S,0.865252
449,--A-A-E-L-F-P---P-N-E-L,1.016544
450,G-V-G-Q-Q-R-R-M-V-N-G-P,1.338908
451,T-S-G-G-L-F-V-Y-V-Y-L-I,1.474972
452,V-W-I-V-K-E-Q-D-R-K-R-T,1.566140
453,D-D-K-F-D-N-N-C-T-R-T-I,1.731261
454,S-S-T-S-S-H-I-G-D-T-T-T,1.915798
455,L-I-I-T-E-T-N-K-F-D-F-F,2.048280
456,D-D-D-E-T-V-T-V-D-S-F-P,2.179572
457,V-Q-S-Q-E-F-Y-Q-F-Y-G-G,2.366413
458,I-L-G-L-L-L-L-I-L-M-F-E,2.565476
459,P-P-E-P-P-P-P-N-T-I-S-E,2.570219
460,P-P---P-P-G-G-P-N-P-T-S,2.531901
461,----------------K---N--,0.065318
462,--------------------E--,0.003535
463,Q-E---N-E-E-E---E---N--,2.367816
464,D-T-E-S-T-S-N-L-G---T--,2.868878
465,N-T-L-I-T-G-S-E-T-K-P--,3.025246
466,S-D-T-A-E-L-D-D-E-Q-N-S,4.408769
467,V-E-Y-E-R-E-I-Y-L-T-Q-E,4.779474
468,P-P-E-P-P-P-P-R-A-W-P-G,5.223210
469,P-L-N-E-N-N-T-N-K-K-T-N,5.619616
470,R-E-Y-H-Y-E-P-S-Y-N-V-A,5.956973
471,A-K-Q-I-E-R-E-D-N-E-N-N,6.428667
472,G-G-S-A-S-N-D-H-D-E-D-D,6.911559
473,F-Y-Y-Y-Y-Y-Y-W-Y-Y-Y-Y,7.506085
474,--------------I--------,0.005924
475,S-S-S-S-S-T-T-S-N-G-T-S,7.577105
476,H-H-H-H-H-H-H-D-H-H-H-H,7.639841
477,R-Q-R-R-R-R-I-M-I-T-I-L,7.528704
478,L-L-V-L-L-L-L-M-L-L-L-L,7.421497
479,S-N-S-C-S-F-S-T-S-S-S-C,6.983488
480,H-Y-Y-H-H-Q-T-I-Y-Y-Y-D,6.563921
481,V-V-I-V-I-M-T-N-M-I-I-V,6.051767
482,T-M-T-T-G-M-I-Q-L-K-K-K,5.323465
483,M-C-S-F-I-N-N-S-I-T-T-I,4.664961
484,L-F-F-I-I-E-L-V-N-D-D-L,4.102259
485,S-L-E-S-L-V-T-Q-G-N-V-Q,3.707657
486,Q-M-I-V-Q-S-G-L-E-Y-I-E,3.308001
487,A-Q-K-S-S-V-G-A-T-I-D-D,3.001993
488,A---S-N---N-L-S-F-F-Y-S,2.360252
489,G---T-G---P-R-N-G-S-N-S,2.221181
490,----G-------Q-P-------N,0.282768
491,------------V----------,0.018858
492,------------A-T-------I,0.145494
493,A---G-N-----S-Q---V---C,1.162761
494,V-G-T-K---N-N-T---V---E,1.949802
495,Y-S-V-Y---A-R-F-Q-R---G,2.416582
496,T-R-L-S-R-R-R-A-K-E---R,3.286730
497,L-G-G-K-V-G-S-F-R-R-S-S,4.464993
498,R-T-V-D-N-R-S-S-H-R-N-S,5.006204
499,A-I-V-L-V-V-L-A-G-R-R-L,5.718060
500,P-P-P-P-P-F-V-L-Y-V-V-L,6.616339
501,T-V-I-L-V-L-M-S-S-A-S-S,7.504635
502,F-L-F-F-Y-H-Y-L-F-F-F-H,8.537383
503,S-T-G-S-S-A-G-G-A-S-A-A,9.263961
504,W-W-W-W-W-W-W-W-F-W-W-W,9.829112
505,Q-T-T-T-T-T-T-H-T-T-T-T,9.893783
506,H-H-H-H-H-H-H-H-H-H-H-H,9.969240
507,R-K-S-S-R-R-K-S-S-T-K-A,9.961371
508,S-S-S-S-S-S-S-S-S-S-I-S,9.950083
509,A-V-A-V-A-L-L-A-V-V-V-L,9.924728
510,E-D-S-D-D-R-A-G-D-D-D-D,9.862329
511,F-F-R-F-R-R-R-N-P-F-P-R,9.820202
512,N-F-N-D-T-T-N-R-N-Q-N-N,9.809699
513,N-N-N-N-N-N-N-N-N-N-N-N,9.815358
514,I-M-F-Y-T-G-T-V-T-T-Q-T,9.748007
515,I-I-I-V-I-L-I-Y-I-I-I-I,9.739257
516,P-D-Y-Y-G-R-N-V-A-D-Y-L,9.734677
517,S-S-A-P-P-S-P-Y-A-L-T-P,9.758872
518,S-K-T-T-N-D-D-D-N-D-D-D,9.884036
519,Q-K-K-K-R-Q-R-K-K-N-A-E,9.970974
520,I-I-I-I-I-I-I-I-I-I-I-I,9.994306
521,T-T-S-T-T-L-T-T-T-T-T-T,9.996444
522,Q-Q-Q-Q-Q-Q-Q-Q-Q-Q-Q-Q,9.995970
523,I-L-I-L-I-I-I-I-I-I-V-I,9.985354
524,P-P-P-P-P-P-P-P-P-H-P-P,9.953572
525,L-L-I-A-M-A-L-A-V-A-A-A,9.705889
526,T-V-N-T-V-V-T-T-V-L-V-V,9.518594
527,K-K-K-K-K-K-K-K-K-K-K-T,9.356450
528,S-A-A-G-A-T-V-T-A-A-S-A,8.781449
529,T-Y-S-Y-S-I-D-V-S-L-N-Y,8.258127
530,N-K-R-N-E-S-T-R-S-K-F-E,7.673904
531,L-L-T---L-N-R-E-I-V-L-L,6.661505
532,G-Q-S---P-G-G-H-N-S-N-R,6.392320
533,S-S-G---Q-G-T-P-G-S-A-G,6.165773
534,G-G-G---G-D-G---S-D-T-N,5.835046
535,----A------------------,0.042768
536,T-A-V-V-T-R-V---I-S-A-S,5.910444
537,S-S-W-S-T-A-S---S-K-K-S,6.218696
538,V-V-N-I-V-V-Y-M-I-I-V-V,7.620599
539,V-V-F-V-V-V-V-I-E-V-I-V,7.867436
540,K-A-Q-K-R---N-K-K-K-K-A,7.149725
541,G-G-E-E-G---D-G-G-G-G-G,7.233310
542,P-P-G-P-P---P-P-P-P-P-P,7.275623
543,G-R-L-G-G---G-G-G-G-G-G,7.339159
544,F-F-Y-F-F-L-F-F-F-H-H-S,7.735651
545,T-T-N-I-T-N-I-T-T-T-T-T,7.868658
546,G-G-G-G-G-Y-G-G-G-G-G-G,7.966683
547,G-G-G-G-G-G-G-G-G-G-G-G,7.996773
548,D-D-P-D-D-E-A-D-D-D-D-D,7.947503
549,I-I-V-I-I-N-L-L-L-L-L-L,7.726056
550,L-I-M-G-L-I-L-A-V-V-V-V,7.392789
551,R-Q-K-K-R-M-Q-D-K-I-A-K,7.007772
552,R-C-L-N-R-K-R-L-M-L-L-M,6.530042
553,T-T-S-N-T-L-T-S-R-K-T-S,6.185513
554,S-E-G-G-N-D-D-S-A-D-S-Y,5.804102
555,P-N-S-Q-T-N-H-N-D-S-N-H,5.461950
556,----G---------S-----G--,0.368097
557,--------------D-----T--,0.144946
558,--------------------L--,0.022612
559,--------------------S--,0.009731
560,----------L---------G--,0.018850
561,G-G-S---G-T-G-I-----R--,1.187959
562,Q-S-Q-I-G-T-S-L-S---M-S,2.415573
563,I-A-V-L-F-G-L-Q-G---E-V,2.634942
564,S-A-I-G-G-L-G-Y-L-M-I-W,3.354188
565,T-T-N-K-P-S-V-D-T-D-Q-S,3.897309
566,L-I-L-Y-I-Y-L-L-M-F-C-F,4.403924
567,R-Y-R-K-R-K-R-R-R-R-K-K,4.674477
568,V-V-V-V-V-L-V-S-F-V-T-V,4.596514
569,N-T-A-N-T-T-Q-D-K-R-S-Y,4.396294
570,I-P-T-V-V-A-F-Y-A-F-I-C,4.168682
571,T-D-D-E-N-V-P-D-E-L-F-S,3.848251
572,A-V-A-D-G-D-L-D-L-K-N-E,3.558729
573,P-S-K-V-P-S-H-R---N-D--,2.865374
574,----G-----E---L--------,0.355419
575,----------A---T--------,0.183617
576,L-Y-A---L-S-L-E-L-V-P--,4.049221
577,S-S-S-S-T-N-R-D-D-S-T-L,6.645129
578,Q-Q-Q-Q-Q-T-Q-V-K-R-R-K,7.470496
579,R-K-R-K-R-R-Q-P-K-Q-S-N,8.189589
580,Y-Y-Y-Y-Y-F-Y-F-Y-Y-Y-Y,9.014177
581,R-R-R-R-R-I-R-R-R-Q-G-R,9.182220
582,V-A-I-F-I-V-I-I-V-V-L-V,9.415523
583,R-R-R-R-G-R-R-R-R-R-R-R,9.528026
584,I-I-I-V-F-V-V-I-I-I-I-I,9.548581
585,R-H-R-R-R-R-R-R-R-R-R-R,9.554420
586,Y-Y-Y-Y-Y-Y-Y-C-Y-Y-Y-Y,9.529854
587,A-A-A-A-A-A-A-A-K-A-A-A,9.356344
588,S-S-S-T-S-S-S-S-C-T-A-S,9.002301
589,T-T-D-E-T-M-T-I-N-N-N-H,8.384427
590,T-S-R-T-V-N-T-G-Y-A-S-G,7.900164
591,N-Q-A-E-D-N-N-V-S-P-P-N,7.539771
592,--------------------I--,0.046964
593,--------------------V--,0.043533
594,L-I-G-G-F-N---S-S---L-C,4.714833
595,Q-T-K-E-D-K---T-K-K-N-Q,4.995391
596,F-F-F-L-F-L-I-I-L-T-V-F,5.032947
597,H-T-T-G-F-N-R-S-I-T-S-L,4.830220
598,T-L-I-I-V-L-L-V-L-V-Y-M,4.747967
599,S-S-S-K-S-V-S-D-R-F-V-K,4.558261
600,I-L-S-I-R-L-V-N-K-L-L-R,4.316551
601,D-D-R-D-G-N-N-W-W-T-Q-W,4.149256
602,G-G-S-G-G-G-G-G-K-G-G-P,4.001087
603,----P-------S---G---V-S,0.523683
604,----E-----------E------,0.124019
605,----N------------------,0.020596
606,----P------------------,0.014422
607,----A------------------,0.011745
608,R-A-T-R-T-A-F-S-G-I-S-T,3.079496
609,P-P-Y-T-T-Q-G-S-Y-D-R-G,3.192063
610,I-F-S-V-V-I-T-S-I-T-G-V,3.381834
611,N-N-A-N-N-A-I-P-Q-I-T-A,3.498018
612,Q-Q-S-L-N-S-S-Q-Q-S-T-P,3.659140
613,G-Y-I-Y-F-L-Q-V-Q-V-I-R,3.785971
614,N-Y-A-Q-R-N-N-T-I-E-S-Q,4.051932
615,F-F-Y-Y-F-V-L-V-H-L-T-W,4.234147
616,S-D-T-K-L-E-P-A-N-P-E-A,4.335520
617,A-K-N-K-R-H-S-S-I-S-S-R,4.458664
618,T-T-T-T-T-T-T-T-S-T-T-H,4.559237
619,M-I-M-K-M-V-M-A-P-T-F-N,4.469616
620,S-N-S-A-N-Q-R-A-T-S-S-V,4.344575
621,S-K-T-P-S-R-L-S-Y-R-R-Q,4.240980
622,----------G-------Q-P--,0.418783
623,----------G-------N-N--,0.361650
624,------------------P-N--,0.138668
625,------------------N-I--,0.130963
626,----------S---------I--,0.099568
627,G-G-N-G-G-L-G-L-G-A-P-G,4.352781
628,S-D-A-D-D-T-E-D-A-T-T-T,4.848587
629,N-T-S-P-E-D-D-T-F-D-D-F,5.244338
630,L-L-L-L-L-L-L-L-S-L-L-S,5.770748
631,Q-T-T-T-K-Q-R-K-Y-T-K-N,5.916688
632,S-Y-Y-Y-Y-Y-Y-Y-L-Y-Y-S,6.185531
633,G-N-S-K-G-G-G-E-E-A-E-M,6.303346
634,S-S-T-A-N-N-S-S-S-D-E-R,6.335676
635,F-F-F-F-F-F-F-F-F-F-F-Y,6.349514
636,R-N-A-D-V-K-A-Q-T-G-R-E,6.164566
637,T-L-Y-Y-R-Y-I-Y-I-Y-Y-A,5.997575
638,V-A-A-L-R-A-R-V-T-V-K-F,5.606355
639,G-S-E-S-A-T-E-S-T-T-D-K,5.179632
640,F-F-S-F-F-F-F-I-T-F-P-Y,4.665091
641,T-S-G-S-T-A-N-P---P-F-L,4.017757
642,T-T-P-T-T-G-T-G---R-D-D,3.710153
643,----I-------------T----,0.127800
644,------------------V----,0.086552
645,------------------P-A--,0.062679
646,P-P-N-P-P-N-S-N-E-N-I-I,3.615443
647,F-F-L-V-F-F-I-Y-N-K-V-F,3.666926
648,N-E-G-K-T-K-R-Y-I-T-P-T,3.681223
649,F-L-I-F-F---P-F-F-F-M-I,3.018524
650,S-S-S-N-T-M-T-D-D-E-R-T,3.076439
651,N-G-G-N-Q-G-A-S-L-G-L-P,3.094727
652,G-N-S-A-I-S-S-A-T-E-S-E,3.048747
653,--------------------S-E,0.028142
654,----------------------N,0.001480
655,S---S-S-Q-Q-P-------N-N,1.797646
656,S---R-S-D-S-D-P-M-D-Q-F,2.899386
657,V-N-T-T-I-I-Q-R-E-T-L-A,3.377846
658,F-L-F-I-I-L-I-I-V-L-I-F,3.587552
659,T-Q-D-E-R-G-R-R-T-L-T-T,3.613432
660,L-I-I-L-T-I-L-L-Y-M-I-I,3.606963
661,S-G-S-F-S-F-T-L-P-T-A-D,3.471564
662,A-V-I-L-I-K-I-R-Y-L-I-L,3.335919
663,H-T-T-Q-Q-E-E-Q-G-Y-Q-E,3.180764
664,V-G-K-N-G-I-P-P-R-G-P-S,2.828022
665,F-L-E-K-L-P-S---Q-T-L--,2.321100
666,N-S-A-T-S-N-F---F-P-N--,2.158794
667,----------------V---M--,0.139034
668,----------------E-N-T--,0.245199
669,S-A-G---G---I---D-H-S--,2.396319
670,G-G-A-S-N---R---I-S-N-G,3.939529
671,N-D-A-G-G-I-Q-G-P-Y-N-G,6.473017
672,E-K-N-T-E-D-E-R-S-N-Q-D,7.658116
673,V-V-L-F-V-F-V-L-L-I-V-L,8.665181
674,Y-Y-Y-Y-Y-V-Y-L-I-Y-I-F,9.215418
675,I-I-I-L-I-L-V-V-L-I-I-I,9.609235
676,D-D-D-A-D-D-D-D-D-D-D-D,9.889509
677,R-K-R-G-K-K-R-R-K-K-R-K,9.949954
678,I-I-I-I-I-I-I-I-I-I-I-I,9.987695
679,E-E-E-E-E-E-E-E-E-E-E-E,9.996512
680,F-F-F-I-I-L-F-I-F-F-I-F,9.997120
681,V-I-I-I-I-I-I-I-L-I-I-I,9.997794
682,P-P-P-P-P-P-P-P-P-P-P-P,9.998715
683,A-V-V-V-V-S-V-V-T-I-I-V,9.996865
684,E-N-N-K-T-N-N-N-N-T-T-S,9.997002
