column_index,alignment_column,zorro_score
1,F-Y-F-F-I-L-F-F-F,9.346766
2,S-T-S-T-S-N-T-T-T,9.314418
3,A-R-Q-K-P-E-T-D-E,9.217045
4,S-Y-A-E-Q-K-Q-E-L,9.181482
5,Q-Q-Q-N-A-Q-Q-Q-Q,9.169703
6,L-T-V-V-R-L-L-L-L,9.155534
7,D-L-Y-R-A-H-L-E-M,9.160096
8,E-E-E-I-F-T-S-K-G,9.193160
9,L-L-L-L-L-L-L-L-L,9.359061
10,E-E-E-E-E-R-E-E-E,9.355382
11,R-K-R-S-E-T-K-E-K,9.271408
12,A-E-R-W-V-C-K-S-K,9.186064
13,F-F-F-F-F-Y-F-F-F,9.173153
14,E-H-K-A-R-A-R-N-Q,8.778350
15,R-F-Q-K-R-A-E-T-K,8.279541
16,------N----------,0.353305
17,------I----------,0.344386
18,------E----------,0.351764
19,T-N-Q-N-K-N-K-S-Q,8.200446
20,Q-R-K-P-Q-P-Q-G-K,8.703234
21,Y-Y-Y-Y-S-R-Y-Y-Y,9.053654
22,P-I-L-L-L-P-L-L-L,9.173333
23,D-T-S-D-N-D-T-S-S,9.219571
24,I-R-A-T-S-A-I-G-T,9.228768
25,Y-R-P-K-K-L-A-S-P,9.244569
26,T-R-E-G-E-M-E-T-D,9.291228
27,R-R-R-L-K-K-R-R-R,9.415490
28,E-I-E-E-E-E-A-A-L,9.521481
29,E-D-H-N-E-Q-E-K-D,9.614063
30,L-I-L-L-V-L-F-L-L,9.693212
31,A-A-A-M-A-V-S-A-A,9.716334
32,Q-N-S-K-K-E-S-E-Q,9.736171
33,R-A-M-N-K-M-S-S-S,9.761793
34,T-L-I-T-C-T-L-L-L,9.802869
35,N-S-H-S-G-G-H-G-G,9.876923
36,L-L-L-L-I-L-L-L-L,9.933269
37,T-S-T-S-T-S-T-S-T,9.943453
38,E-E-P-R-P-P-E-D-Q,9.937038
39,A-R-T-I-L-R-T-N-L,9.940726
40,R-Q-Q-Q-Q-V-Q-Q-Q,9.952943
41,I-I-V-I-V-I-V-V-V,9.978748
42,Q-K-K-K-R-R-K-K-K,9.987970
43,V-I-I-N-V-V-I-V-T,9.992501
44,W-W-W-W-W-W-W-W-W,9.999676
45,F-F-F-V-F-F-F-F-Y,9.998697
46,Q-Q-Q-S-I-Q-Q-Q-Q,9.998122
47,N-N-N-N-N-N-N-N-N,9.998316
48,R-R-H-R-K-K-R-R-R,9.996362
49,R-R-R-R-R-R-R-R-R,9.995023
50,A-M-Y-R-M-C-A-T-M,9.992194
51,R-K-K-K-R-K-K-K-K,9.992526
52,L-S-M-E-S-D-A-Q-W,9.993915
