column_index,alignment_column,zorro_score
1,V-L-Y-Y-Y-F-F-Y-Y-Y-Y-Y,9.480903
2,D-D-D-N-N-N-D-D-N-D-R-N,9.432217
3,V-L-L-F-V-I-L-L-V-V-L-V,9.358956
4,S-T-M-K-A-K-N-D-K-K-D-E,9.156280
5,L-R-I-A-A-A-I-A-A-V-I-A,8.944037
6,P-S-P-K-D-P-E-P-E-P-A-F,8.692193
7,G-A-A-G-A-V-P-V-P-T-P-P,8.584166
8,A-Y-L-A-A-K-P-S-P-K-N-P,8.422087
9,S-P-D-P-D-R-E-P-R-P-P-Y,8.426323
10,L-I-L-V-H-I-Y-T-V-I-L-Y,8.464692
11,F-E-V-D-T-Y-P-K-L-Y-Y-T,8.485835
12,S-L-D-A-P-P-A-S-P-P-G-I,8.578247
13,G-G-G-G-G-G-P-Y-A-A-V-S,8.747357
14,G-T-S-H-K-K-V-A-R-K-K-K,8.982012
15,L-R-I-L-T-K-P-K-R-V-I-K,9.172134
16,H-H-H-H-H-Q-H-H-H-H-H-H,9.472117
17,P-P-P-A-V-P-F-P-F-P-P-Y,9.472222
18,I-I-L-L-L-Y-F-L-L-L-Y-F,9.484195
19,T-T-N-L-R-R-N-V-A-T-R-R,9.474033
20,L-I-L-K-Q-V-E-Y-E-R-R-E,9.460028
21,M-V-V-V-A-F-F-F-F-I-L-F,9.481578
22,E-K-V-R-A-L-L-I-I-I-I-L,9.485544
23,R-N-N-K-E-D-D-N-E-R-E-E,9.520371
24,E-E-Q-Q-R-K-Y-E-R-E-Q-K,9.578246
25,L-V-I-F-V-I-V-I-L-V-M-V,9.682067
26,V-I-V-K-T-R-R-R-R-K-R-K,9.713844
27,E-D-D-D-D-R-E-R-D-E-Q-D,9.767529
28,I-I-F-I-V-R-V-I-I-I-I-I,9.805116
29,F-F-F-F-L-L-M-F-L-L-F-M,9.822921
30,R-A-K-V-V-I-I-L-R-L-L-I,9.837244
31,A-R-K-Q-G-E-G-D-E-A-E-S,9.864734
32,L-L-F-M-M-M-L-M-L-M-M-L,9.906280
33,G-G-N-G-G-G-G-G-G-G-G-G,9.925206
34,Y-F-F-F-F-F-F-F-F-F-F-F,9.899940
35,Q-S-T-E-Q-I-E-T-R-K-T-K,9.630579
36,A-I-I-E-E-E-E-E-E-E-E-E,9.454110
37,V-A-V-M-M-M-V-M-V-V-I-I,9.249748
38,------P---T------------,0.546557
39,E-E-N-T-A-V-R-S-R-K-K-N,7.947923
40,G-G-Y-N-G-D-G-G-G-S-G-T,8.408262
41,P-P-P-N-P-S-P-H-P-P-G-G,8.785101
42,E-E-E-Y-H-L-V-Y-L-I-I-Y,9.140009
43,V-I-L-V-V-I-L-I-V-V-I-I,9.413733
44,E-E-V-E-D-E-E-E-E-E-Q-E,9.513377
45,S-D-T-S-A-T-V-S-L-T-S-M,9.574237
46,E-D-T-S-D-Q-E-A-E-E-S-E,9.598267
47,F-W-K-F-F-F-F-L-L-F-F-F,9.617368
48,F-H-H-W-Y-W-W-W-F-W-W-Y,9.714085
49,N-V-C-N-I-N-N-D-N-N-N-N,9.814060
50,F-F-F-F-N-F-F-M-F-F-F-F,9.944885
51,D-S-D-D-D-D-D-D-D-D-D-D,9.972893
52,A-A-D-A-C-A-A-A-V-M-A-L,9.973898
53,L-L-L-L-L-L-L-L-L-L-L-L,9.981446
54,N-N-N-F-F-F-F-F-F-F-F-F,9.966930
55,I-F-I-Q-M-Q-Q-I-Q-E-Q-Q,9.968613
56,P-A-P-P-P-P-A-P-A-P-P-P,9.983094
57,E-E-L-Q-Q-Q-Q-Q-Q-Q-Q-Q,9.991196
58,H-D-D-Q-D-N-D-D-D-D-D-D,9.996381
59,H-H-H-H-H-H-H-H-H-H-H-H,9.999026
60,P-P-P-P-P-P-P-P-P-P-P-P,9.999831
61,A-A-G-A-A-A-A-A-A-A-A-A,9.999083
62,R-R-R-R-R-R-R-R-R-R-R-R,9.997442
63,D-D-S-D-N-E-E-D-E-E-D-E,9.985667
64,M-M-K-S-H-W-V-M-I-M-M-I,9.969274
65,W-Q-T-H-W-T-H-Q-H-Q-Q-H,9.966541
66,D-D-D-D-D-D-D-D-D-D-D-D,9.977894
67,T-T-T-T-R-T-T-T-S-T-T-S,9.947536
68,F-F-F-F-F-Y-F-F-L-F-F-F,9.853504
69,W-F-Y-F-A-Q-Y-Y-W-F-H-S,9.391906
70,L-I-V-L-L-L-V-V-I-L-L-V,8.768061
71,T-E-S-K-S-K-Q-K-K-K-G-E,7.314679
72,G-A---V-N-Y-W-D-S-Y-S-G,5.286828
73,E-H---P-P-P-S-S-P-P-I-S,4.601827
74,G-----S-A-E-G-N-R-N-C-G,3.745850
75,F-----T-R-K-P-F-R-E----,2.698042
76,R-----T-I---L-T-G------,1.480157
77,L-----R-D-G-E-I-D-G----,1.661987
78,E-----T-E-Y-T-E-L-D-Q-K,2.323371
79,G-----L-L-L-P-H-S-I-L-I,2.479388
80,P-----P-P-P-P-P-G-P-P-E,2.493921
81,------E-D-D-E-E-Y-E-A-D,2.121293
82,----------E-----S-----K,0.406882
83,------D-A-S-H---D-D-E-D,3.007188
84,------Y-L-L-L-I-L-L-Y-L,3.975940
85,------V-V-V-M-E-V-L-S-L,4.119942
86,------E-E-S-E-K-E-S-D-N,4.285434
87,------R-R-R-S-R-R-K-K-N,4.420195
88,------V-V-V-V-I-V-V-V-V,4.475793
89,------K-E-K-G-K-A-K-A-K,4.479795
90,------R-R-E-R-R-S-E-A-E,4.480414
91,------V-A-A-V-I-V-V-M-I,4.479899
92,------H-H-H-H-H-H-H-H-H,4.470951
93,------E-R-E-E-E-E-E-E-E,4.213896
94,------S-E-R-E-R-R-R-S-K,3.536805
95,------G-G-G-K-G-G-C-G-F,2.750823
96,------G-A-----F-----G--,0.727027
97,--------G-L---D-----D--,0.483904
98,------Y-D-A---G-----I--,0.722368
99,------G-D-G---Y-----D--,0.778876
100,------S-G-S---S-----S--,0.812945
101,------R-D-R---------C--,0.796639
102,------G-G-G---G-----G--,1.365789
103,------Y-Y-W-W-W-W-W-W-W,4.221225
104,------N-H-G-R-G-K-K-G-K,4.300306
105,------Y-S-Y-Y-Y-Y-Y-G-Y,4.375487
106,------D-P-V-K-R-R-K-I-E,4.528081
107,L-----W-W-W-W-W-W-F-W-W,5.226968
108,G-----K-D-S-D-S-S-D-D-K,5.340254
109,E-----R-E-P-R-S-P-E-R-Q,5.452054
110,E-----E-D-E-K-D-E-N-E-D,5.562053
111,V-----E-F-R-K-D-V-V-L-I,5.602512
112,E-----A-A-A-A-G-A-S-A-T,5.657660
113,G-P-D-N-R-M-L-K-S-R-R-L,7.047959
114,R-D-K-K-A-L-N-K-R-R-R-R,7.678368
115,L-V-Q-N-L-L-P-L-Y-L-N-L,8.292264
116,L-V-L-L-A-M-V-I-I-I-V-M,9.040170
117,L-L-L-L-L-P-L-L-L-L-L-L,9.485824
118,R-R-R-R-R-R-R-R-R-R-R-R,9.784772
119,T-T-T-T-G-A-T-T-S-T-T-S,9.815650
120,H-H-H-H-H-H-Q-H-Q-H-H-Q,9.835036
121,T-T-C-T-T-A-T-T-T-T-T-T,9.765878
122,S-S-T-T-T-T-T-T-T-T-T-T,9.716783
123,P-S-A-A-S-A-A-V-A-A-S-A,9.626002
124,M-V-G-V-L-L-T-T-V-S-V-T,9.510574
125,Q-Q-T-S-T-S-T-T-S-S-T-T,9.431785
126,V-T-I-S-A-A-I-A-A-I-I-A,9.286083
127,R-R-E-R-R-R-R-R-R-R-K-R,9.181146
128,Y-V-A-M-H-Q-A-Y-I-Y-Y-V,8.630413
129,M-M-I-L-L-L-L-L-L-L-L-L,8.201765
130,V-E-A-Y-A-A-A-Y-A-A-A-A,7.325887
131,A-T-A-A-G-K-E-E-T-S-D-S,6.448517
132,H-S-M-L-L-G-R-H-R-L-N-R,5.546403
133,T-K-N-A-A-I-G-N-P-S-P-P,4.714124
134,P-P-K-Q-D-E-D-T-N-D-E-K,4.037483
135,----H-K-A-I-G-Y-P-E-P-A,3.391490
136,----K-P-D---------E----,0.562241
137,------F-V---------K----,0.459476
138,------V-E---------N----,0.430717
139,--------A---------K----,0.279403
140,P-P-D-P-P-P-E-P-P-P-P-P,8.555439
141,F-I-I-K-A-G-Y-Q-A-H-V-Q,8.908422
142,R-R-R-K-R-K-K-A-R-K-K-K,9.333857
143,I-I-V-Y-Y-Y-V-I-F-V-A-V,9.512601
144,V-I-I-F-F-F-F-F-F-F-F-F,9.638710
145,V-C-S-S-S-T-T-S-T-C-C-T,9.688497
146,P-P-F-I-V-I-I-V-V-I-I-L,9.715983
147,G-G-G-D-E-Q-G-E-G-D-D-G,9.786044
148,R-R-N-R-K-R-R-K-K-R-R-K,9.867878
149,V-V-V-V-A-V-V-V-V-V-A-V,9.903379
150,F-Y-Y-F-Y-F-F-F-F-F-Y-F,9.917223
151,R-R-R-R-R-R-R-R-R-R-R-R,9.932456
152,F-N-N-N-N-P-P-H-S-N-R-P,9.926086
153,E-E-D-E-D-D-E-E-D-E-E-D,9.920249
154,Q-A-T-A-T-V-K-S-A-A-T-A,9.905267
155,T-I-D-V-L-L-L-V-V-I-I-I,9.897928
156,D-S-D-D-D-D-D-D-G-D-D-D,9.877139
157,A-Y-A-R-A-R-P-W-P-Y-P-A,9.788670
158,T-R-T-T-T-T-K-K-T-K-T-T,9.757247
159,H-A-H-H-H-H-H-H-R-H-H-H,9.731111
160,E-H-S-L-L-L-S-L-L-L-T-L,9.727281
161,A-C-H-A-L-I-M-A-P-P-P-I,9.772277
162,V-F-Q-E-E-E-E-E-E-E-E-E,9.828521
163,F-F-F-F-F-F-F-F-F-F-F-F,9.950405
164,H-H-M-H-F-N-H-Y-H-Y-E-H,9.967062
165,Q-Q-Q-Q-Q-Q-Q-Q-Q-Q-Q-Q,9.989429
166,L-V-M-I-I-I-L-I-L-C-L-L,9.991314
167,E-E-D-E-E-D-D-E-D-E-E-D,9.986265
168,G-A-F-G-G-G-G-G-G-G-G-G,9.946031
169,L-L-M-L-W-F-I-A-I-I-V-V,9.896289
170,V-Y-W-I-V-V-V-V-E-I-V-I,9.883008
171,V-V-V-C-L-A-V-Y-G-M-M-I,9.884188
172,G-D-N-D-A-G-G-D-D-D-D-D,9.905743
173,E-K-K-R-D-E-P-K-E-D-K-N,9.920322
174,G-N-D-G-D-D-G-N-G-N-D-N,9.937767
175,I-V-L-L-L-L-L-V-Y-V-M-F,9.956830
176,A-S-S-T-S-T-T-S-T-N-S-T,9.953610
177,M-F-L-L-V-F-F-V-F-F-F-F,9.938112
178,A-T-S-G-R-R-K-A-R-N-A-K,9.911454
179,H-D-N-D-D-H-H-T-D-N-D-E,9.895910
180,L-L-L-L-L-L-L-L-L-L-L-L,9.856144
181,K-K-K-I-M-L-L-K-L-I-L-L,9.732588
182,G-Q-W-G-G-G-G-W-G-G-G-G,9.647548
183,A-V-F-V-T-I-Q-I-R-V-L-V,9.536217
184,I-L-V-L-F-L-L-L-L-L-L-L,9.468548
185,Y-L-T-E-R-K-E-R-D-K-A-K,9.285600
186,E-L-K-D-E-R-E-T-E-E-E-E,9.184220
187,L-F-F-F-F-F-I-F-I-F-F-I,8.984082
188,A-A-I-F-Y-A-A-Y-A-L-Y-F,8.537626
189,Q-K-E-S-S-I-K-G-S-N-H-Y,8.047320
190,A-E-H-R-Q-E-A-K-M-R-R-R,7.675720
191,L-M-M-L-F-I-L-L-L-L-M-L,7.170303
192,F-F-F-G-G-A-G-G-G-G-G-G,5.875632
193,G-G-G-M-I-G-M-F-L-F-F-I,5.417729
194,P-T-N-S-H-A-T-E---E-E-K,4.758285
195,D-D-D------------------,0.882212
196,S-T-L-----K------------,1.653662
197,K-K-K-K-D-K-K-K-K-K-E-E,8.525790
198,V-I-T-L-L-V-V-I-L-V-V-V,9.268338
199,R-R-R-R-Q-K-K-R-K-R-R-K,9.638877
200,F-L-F-F-F-F-F-L-F-F-F-F,9.886634
201,Q-R-R-K-K-F-R-V-K-R-R-K,9.923375
202,P-P-L-P-P-P-P-P-P-P-P-P,9.964281
203,V-S-S-A-T-D-A-S-A-A-G-A,9.984206
204,Y-Y-H-Y-Y-Y-Y-Y-Y-Y-Y-Y,9.991447
205,F-F-F-N-N-Y-F-Y-F-F-F-F,9.994631
206,P-P-P-P-P-P-P-P-P-P-P-P,9.999456
207,F-F-F-Y-Y-F-F-Y-F-F-Y-F,9.999572
208,V-T-T-T-T-T-T-T-T-T-T-T,9.999006
209,E-E-E-E-E-E-S-E-E-E-E-E,9.997765
210,P-P-P-P-P-P-P-P-P-P-P-P,9.992579
211,G-S-S-S-S-S-S-S-S-S-S-S,9.887225
212,A-A-F-M-F-V-V-L-V-L-V-V,9.645649
213,Q-E-E-E-E-Q-E-D-E-E-E-E,9.448971
214,F-M-V-I-L-L-V-V-G-A-P-A,8.766352
215,A-D-D-F-F-S-Y-V-Y-E-E-Y,7.912446
216,V-I-V-S-G-A-A-V-V-V-V-G,7.422816
217,W-S-E-Y-R-Y-Q-E-K-Y-Y-Y,6.642390
218,W-C-C-H-H-H-H-V-L-L-V-L,6.065100
219,P-N-W-E-P-P-P-D-P-E-D-E,5.487591
220,E-I-N-G-E-E-K-G-N-G-G-K,4.989750
221,--C-C------------------,0.171731
222,--G-Q------------------,0.106208
223,--G-S------------------,0.056469
224,--K--------------------,0.041695
225,--G-G------------------,0.150661
226,--C-C------------------,0.163759
227,--P-F------------------,0.163158
228,--F-L------------------,0.160543
229,--C-C------------------,0.163832
230,--K-K------------------,0.165709
231,G-H-K-L-T--------------,1.207794
232,G-T-T-G-G-L-L---G-K-L-L,5.571209
233,K-G-R-K-E-G-G-K-R-G-G-G,7.118874
234,W-W-W-W-L-W-W-E-W-W-W-W,9.083126
235,L-V-I-V-I-V-V-M-L-L-V-V,9.617255
236,E-E-E-E-E-E-E-E-E-E-E-E,9.884658
237,L-I-I-I-I-F-F-L-L-I-L-M,9.907278
238,G-L-M-G-G-G-G-G-F-L-G-C,9.915417
239,G-G-G-N-N-G-G-G-G-G-G-G,9.941178
240,A-C-S-S-S-A-A-S-A-A-A-A,9.971060
241,G-G-G-G-G-G-G-G-G-G-G-G,9.984396
242,M-M-I-M-I-V-I-I-M-I-V-L,9.951705
243,V-V-L-F-F-F-F-F-F-F-F-L,9.917594
244,H-D-H-R-R-R-R-R-R-R-R-R,9.901795
245,P-P-P-P-P-E-P-P-P-P-K-P,9.887012
246,K-N-K-E-E-E-E-E-E-E-E-E,9.829867
247,V-V-V-M-M-M-V-V-V-V-V-I,9.772696
248,F-L-L-L-L-T-T-G-L-L-T-L,9.611299
249,Q-E-E-L-D-E-E-K-E-E-E-S,9.457286
250,A-S-A-P-P-A-P-I-A-P-P-S,9.248938
251,V-N-A-M-L-L-L-L-V-I-F-V,8.971932
252,D----------------------,0.027159
253,A----------------------,0.007973
254,Y----------------------,0.006009
255,R----------------------,0.005854
256,E----------------------,0.005829
257,R----------------------,0.004470
258,L----------------------,0.005305
259,G-G-H-G-D-G-G-G-G-G-G-G,8.078822
260,L-I-I-L-V-I-V-L-V-I-I-I,7.896778
261,P-D-D-P-D-K-K-K-D-E-K-D,6.926683
262,P-S-P-------K----------,0.756750
263,A----------------------,0.027309
264,Y----------------------,0.027725
265,R-K-E-E----------------,0.679549
266,G-V-K-D----------------,0.710257
267,V-Y-M-V-G-V-S-A-Y-K-E-S,5.201903
268,T-S-V-R-D-P-R-P-P-P-P-T,5.943749
269,G-G-G-V-V-V-V-V-V-V-V-A,6.761088
270,F-Y-I-I-M-I-L-M-G-L-L-G,7.990240
271,A-A-A-A-A-A-A-A-A-A-A-A,9.299730
272,F-L-A-W-W-W-W-W-W-W-W-W,9.635784
273,G-G-G-G-G-G-G-G-G-G-G-G,9.914299
274,L-M-I-L-L-I-W-M-F-I-L-I,9.945389
275,G-G-G-S-A-G-G-G-G-G-G-G,9.966776
276,V-I-I-L-L-I-L-L-I-F-V-I,9.982548
277,E-E-E-E-E-D-D-E-E-S-S-E,9.994877
278,R-R-R-R-R-R-R-R-R-R-R-R,9.998007
279,L-I-I-P-L-L-I-L-L-L-L-L,9.994342
280,A-T-A-T-L-A-A-A-A-A-A-A,9.989226
281,M-N-M-M-M-M-M-M-M-M-M-M,9.983692
282,L-L-L-I-L-F-I-L-A-L-L-S,9.972072
283,R-K-K-L-M-K-L-Y-F-R-K-F,9.967615
284,Y-Y-N-Y-T-L-L-Y-Y-Y-L-L,9.971690
285,G-Q-N-G-G-G-G-G-G-G-G-N,9.979027
286,I-V-I-I-F-I-I-L-V-L-L-I,9.982350
287,P-K-T-D-E-D-D-T-S-T-K-S,9.980799
288,D-D-D-N-D-D-D-D-D-D-D-D,9.981047
289,I-L-I-I-I-I-I-V-I-I-L-I,9.977217
290,R-R-R-R-R-R-R-R-R-R-R-R,9.957025
291,Y-M-D-D-D-Y-E-D-K-D-L-L,9.750179
292,F-F-F-L-V-L-L-L-L-L-L-L,9.623179
293,F-S-Y-F-H-F-F-Y-Y-H-Y-Y,9.255884
294,G-E-F-G-G-S-T-N-T-K-Q-S,8.718437
295,------H-T--------------,0.476823
296,------K-L--------------,0.500411
297,G-N-N-V-C-Y-K-T-R-N-S-N,8.085595
298,R-D-D-D-D-D-D-D-N-D-D-N,9.039937
299,L-T-F-L-V-L-L-F-V-L-I-I,9.210756
300,K-R-R-D-G-R-E-S-D-D-D-E,9.310174
301,F-F-F-L-F-W-K-F-E-W-W-Y,9.470299
302,L-L-I-I-L-L-L-L-V-L-L-I,9.557808
303,E-K-K-K-R-R-K-E-R-K-R-R,9.415407
304,Q-E-Q-R-N-E-E-G-E-R-K-D,9.046775
305,F-F-F-N-A-A-Y-Y-M-V-S-T,8.698684
306,K-E-Y-P-E-K-Y-K-R---E-K,7.614333
307,G-A-E-I-V-L-A-I-V---V-V,7.455515
308,V-A---C-V-I-R-K-R---C-K,6.719376
309,L-Y---R-Y-W-W-Y-W---R-I,6.739795
