column_index,alignment_column,zorro_score
1,T-T-M-V-M-M-N-H---S-N-K-I,7.827372
2,L-I-V-I-I-L-L-I---I-I-L-M,7.814080
3,V-T-E-R-E-E-E-K---K-E-D-K,7.789270
4,A-K-K-Q-K-K-K-D---K-A-K-Q,7.776605
5,L-L-L-M-L-L-V-L---M-I-A-M,7.726669
6,R-A-L-V-F-L-I-H---I-I-I-I,7.686190
7,K-E-M-D-H-D-A-D---K-K-N-D,7.523261
8,A-A-A-A-A-A-A-A---A-S-L-N,7.365800
9,G-G-G-G-G-G-G-G---G-G---G,7.039834
10,L-A-M-M-A-M-A-V---M-V-I-L,7.613605
11,N-N-S-N-D-N-N-N---S-S-D-S,7.743355
12,I-V-V-V-V-V-V-V---V-V-G-L,7.803493
13,V-F-A-A-F-A-V-I---A-I-V-V,8.047153
14,R-R-R-R-R-R-R-R---R-R-R-R,8.335398
15,M-F-F-L-I-L-M-L---I-L-F-I,8.360332
16,N-N-N-N-N-N-N-N---N-N-N-N,8.365557
17,F-F-F-F-M-F-F-T---F-F-M-S,8.339653
18,S-S-S-S-S-S-S-A---S-S-S-A,8.325591
19,H-H-H-H-H-H-H-H---H-H-H-H,8.301668
20,G-G-G-G-L-G-G-Q---G-G-A-A,8.179252
21,S-N-S-S-A-T-S-S-N-T-T-T-D,8.177263
22,Y-H-Y-Y-R-H-P-H-A-L-H-T-I,8.017962
23,E-E-E-E-E-E-E-E-Q-E-E-D-K,7.896816
24,Y-E-Y-D-K-S-D-D-S-E-E-Y-D,7.702965
25,H-H-H-H-L-H-H-T-H-H-Q-C-V,7.473871
26,K-L-Q-A-P-G-K-I-D-A-Q-E-S,7.306106
27,S-A-E-T-E-R-M-K-N-K-V-K-K,7.208336
28,V-R-T-M-R-T-R-V---T-R-F-I,7.058158
29,I-M-L-V-I-I-A-I---I-I-L-T,7.036462
30,D-N-D-R-E-A-D-D---E-K-N-Q,6.958667
31,N-M-N-L-V-I-K-N---T-I-I-M,6.874492
32,A-V-L-L-I-L-V-V---V-V-L-V,6.791625
33,R-R-R-R-R-K-R-R---R-R-E-R,6.572683
34,K-E-Q-S-T-E-E-K---D-D-K-S,6.170612
35,S-V-A-V-I-L-I-I---V-V---I,5.488982
36,E-E-M-E-E-R-A-S---A-A---N,5.141040
37,E-K-L-Q-R-E-A-N---E-K----,4.299050
38,L-K-N-E-E-K-K-----K-A----,3.829603
39,Y-T-T-M-G-R-L-----L-M----,3.777059
40,P-G-G-D-K-Q-G-----E-N----,3.664235
41,------------------R------,0.005345
42,G------------------------,0.084604
43,R-K-M-T-R-V-R-------I-N-R,4.404792
44,P-L-L-P-P-P-H-K-V-R-P-N-D,7.716944
45,L-L-C-I-I-L-V-I-V-V-V-I-V,8.614898
46,A-G-A-T-G-A-A-A-S-A-S-A-G,9.039993
47,I-I-V-L-I-I-I-L-I-I-I-K-I,9.276319
48,A-A-M-L-L-M-L-M-M-L-M-V-M,9.453563
49,L-L-L-Q-V-L-G-I-L-G-L-M-I,9.599796
50,D-D-D-D-D-D-D-D-D-D-D-D-D,9.888193
51,T-T-T-L-L-T-L-T-T-L-T-L-L,9.911981
52,K-K-K-Q-Q-K-Q-K-K-P-N-K-K,9.947675
53,G-G-G-G-G-G-G-G-G-G-G-G-G,9.967454
54,P-A-P-P-P-P-P-P-P-L-P-I-P,9.961386
55,E-E-E-K-K-E-K-E-E-K-E-K-E,9.953820
56,I-I-I-I-L-I-I-V-V-M-I-I-L,9.938407
57,R-R-R-R-R-R-R-R-R-R-R-R-R,9.901902
58,T-T-T-I-L-L-V-T-S-V-I-I-T,9.569407
59,G-T-G-G-G-G-S-A-G-G-V-K-G,9.144280
60,T-D-F-Q-T-Q-T-N-D-K-E-E-E,8.563985
61,T-Q-L-L-F-V-F-I-V-I-T-V-F,8.027181
62,T-E-K-P-V-E-K-E-P-K-K-K-A,7.321475
63,N-G-D-G-G-S-E-N-Q-G-K-L-G,6.371601
64,D-G-G-G-D-P-G-P-P-D-E-K-G,5.722360
65,V---K--------------------,0.247352
66,D-K-P-E-A---K-----S-G-N-T,4.195395
67,Y-F-I-K-A-I-V-I---V-L-K-L,5.859145
68,P-T-Q-Q-V-K-F-I-M-T-K-I-K,6.658913
69,I-I-L-L-L-V-L-V-L-L-I-L-I,7.223377
70,P-N-K-R-E-K-N-K-K-R-T-K-S,7.455209
71,P-T-Q-E-N-P-I-T-E-K-K-M-S,7.539715
72,N-G-G-G-G-G-G-G-G-G-D-G-G,7.612889
73,H-D-Q-E-Q-D-D-D-Q-D-S-E-K,7.513268
74,E-E-E-K-T-R-K-K-E-K-E-K-D,7.390934
75,M-I-I-V-F-L-F-V-F-V-V-V-Y,7.159257
76,I-R-T-S-V-T-L-I-N-V-I-V-V,6.791124
77,F-V-I-L-L-L-L-I-P-L-I-I-M,6.489140
78,T-S-S-V-D-T-D-S-T-T-N-G-G,5.887059
79,T-M-T-P-S-S-A-T-I-T-T---K,4.600771
80,D-D-D-V-D-K-N-S-R-R-M---D,4.132070
81,D-A-Y-E-P-E-L-P-R-D-S---I,3.523029
82,K-T-D-I-T-I-G-I-G-I-K---V,3.110916
83,Y-K-L-G-P-L-K-N-V-E-M---L,2.565747
84,A-A-K-D-G-G-G---S-G-I---N,1.970288
85,K-G-G-R-----E-----D-A---N,0.592378
86,A-------------------S----,0.043122
87,C-----------G-------D----,0.098980
88,D-N-D-H-D-S-D-E-T---N----,2.521307
89,D-K-E-P-T-K-K-P-Q---Q----,2.675323
90,K-D-K-G-D-E-E-N-D-E-F-E--,3.048243
91,I-M-T-A-R-A-K-N-T-T-A-D--,3.264741
92,M-I-I-V-V-G-V-F-V-T-V-I--,3.502641
93,Y-H-C-G-F-V-G-Q-S-I-S-K--,3.646454
94,V-V-M-I-L-T-I-T-V-P-D-L--,3.826431
95,D-T-S-D-P-L-D-N-N-V-A-N--,3.944212
96,Y-Y-Y-Y-H-Y-Y-Y-Y-E-S-Y--,4.082677
97,----------P-------F-G-N--,0.153126
98,--------------------K----,0.040039
99,K-P-K-P-P-S-K-D-D-K-Y---M,5.606110
100,N-G-K-H-E-C-G-G-D-D-N---N,6.203646
101,I-L-L-L-I-V-L-F-F-L-M---V,6.683102
102,T-F-A-A-L-F-P-V-V-P-V-I-L,7.358442
103,K-D-Q-T-S-P-A-K-N-K-N-D-S,7.735967
104,V-D-D-E-A-F-D-E-D-L-D-T-A,8.032984
105,I-T-V-A-L-V-V-V-V-V-V-I-V,8.458093
106,S-H-N-K-E-R-V-P-V-S-N-E-Q,8.671640
107,A-V-P-V-P-E-P-Q-V-K-I-E-V,8.899712
108,G-G-G-G-S-R-G-G-G-G-G-G-G,9.203618
109,R-G-M-E-H-A-D-S-D-D-Q-H-D,9.320834
110,I-T-V-R-G-P-I-K-I-T-K-F-R,9.445819
111,I-V-I-I-I-V-L-V-L-I-I-I-I,9.701210
112,Y-L-L-L-L-L-L-L-L-Y-L-L-L,9.794504
113,V-I-C-L-I-I-L-I-V-L-V-I-M,9.854479
114,D-D-A-D-D-D-D-D-D-S-D-N-S,9.885502
115,D-D-D-D-D-D-D-D-G-D-D-D-D,9.895809
116,G-G-G-G-G-G-G-G-G-G-G-G-G,9.898912
117,V-A-T-L-K-Y-R-E-M-Y-K-K-E,9.805260
118,L-V-I-L-L-I-V-L-M-I-L-I-V,9.692020
119,S-G-S-E-R-Q-Q-E-S-M-T-K-S,9.532903
120,F-L-L-M-L-A-L-M-L-L-L-L-F,9.366750
121,Q-T-K-K-I-V-K-T-A-R-V-R-E,9.003811
122,V-I-V-V-V-V-V-V-V-V-V-V-V,8.765760
123,L-K-L-V-T-V-L-V-K-E-T-V-E,8.070799
124,E-A-S-S-E-N-E-A-S-E-R-E-S,7.544378
125,V-K-C-I-V-A-V-K-K-V-V-K-T,6.870814
126,V-D-D-Q-S-Q-Q-L-T-R-D-T-D,6.194348
127,D-E-K-D-E-E-G-P-S-E-K-D-P,5.647988
128,--E-E-P-G-H-M-D-D-N-Q-K--,4.172854
129,--K-K-E-R-L-K-R-L-E-H----,3.545213
130,--R-G---------------N----,0.594782
131,T-E-T---------------Q----,0.768963
132,L-L-V-V-A-I-V-L-V-V-V-I-F,7.305448
133,K-V-R-I-V-E-F-I-K-E-I-I-T,7.547789
134,V-C-C-C-T-I-T-C-C-C-C-A-I,7.868748
135,K-E-R-E-R-E-E-E-V-V-V-V-R,8.245234
136,A-A-C-V-V-F-V-I-V-V-A-V-A,8.568654
137,L-Q-E-V-E-Q-T-K-V-V-K-E-L,8.813073
138,N-N-N-T-V-N-V-N-D-N-N-V-N,9.062646
139,A-T-T-G-G-S-G-D-G-G-D-G-D,9.332196
140,G-G-S-G-G-G-G-G-G-G-H-G-G,9.531102
141,K-V-M-I-R-E-P-Q-E-I-T-E-V,9.640947
142,I-I-L-L-I-I-L-I-L-L-V-I-L,9.745798
143,C-G-G-K-S-K-S-K-K-F-F-K-R,9.777295
144,S-S-E-S-N-S-N-N-S-S-T-E-D,9.828137
145,H-K-R-R-R-N-N-K-R-H-K-G-R,9.862730
146,K-K-K-K-K-K-K-K-R-K-K-M-S,9.900277
147,G-G-N-G-G-S-G-S-H-G-R-G-R,9.923832
148,V-V-V-V-V-L-I-I-L-I-L-V-V,9.954481
149,N-N-N-N-S-S-N-N-N-N-N-N-N,9.958660
150,L-A-L-L-L-I-K-T-V-I-L-L-I,9.945158
151,P-P-P-P-P-K-L-P-R-P-P-P-P,9.933058
152,G-G-G-G-H-D-G-G-G-K-N-D-G,9.921436
153,T-V-V-L-T-I-G-I-K-A-A-T-R,9.910501
154,D-E-V-V-A-D-G-S-S-N-Q-R-F,9.910301
155,V-I-V-L-L-V-L-L-A-L-Y-I-I,9.921949
156,D-R-D-T-P-A-S-K-R-P-S-E-E,9.931360
157,L-L-L-L-V-L-A-L-L-I-I-L-L,9.941368
158,P-P-P-P-P-P-E-Q-P-E-P-P-G,9.948364
159,A-G-T-S-A-F-A-S-S-A-F-I-T,9.966027
160,L-I-L-M-M-M-L-V-I-I-L-I-I,9.983434
161,S-T-T-T-T-T-T-T-T-T-S-D-T,9.986781
162,E-E-E-T-E-E-E-E-D-P-E-E-D,9.986293
163,K-K-K-K-K-K-K-K-K-R-K-T-R,9.984530
164,D-D-D-D-D-D-D-D-D-D-D-D-D,9.977058
165,K-T-K-K-R-I-K-K-W-F-L-L-R,9.890356
166,E-D-Q-Q-G-T-A-G-G-E-K-K-A,9.788762
167,D-D-D-D-D-D-D-F-D-I-D-N-F,9.691975
168,L-I-I-L-L-L-I-I-I-I-I-I-I,9.301476
169,R-R-L-E-E-K-K-E-K-E-D-K-R,8.869751
170,----E-------T-L---F------,0.545956
171,F-F-W-F-A-F-A-A-F-A-F-F-E,6.218481
172,G-G-G-G-G-G-A-A-G-I-G-A-G,6.326442
173,V-L-V-L-L-V-L-K-V-E-L-V-I,6.329265
174,K-K-P-S-A-E-I-Y-D-H-S-E-A,6.308830
175,N-H-N-Q-A-Q-G-N-N-G-Q-K-D,6.289432
176,G-G-Q-G-G-E-----Q---G-D-G,5.935512
177,V-I-I-I-A-L-V-V-V-V-I-F-V,9.978131
178,H-N-D-D-D-D-D-D-D-D-D-E-D,9.988813
179,M-F-M-W-W-L-Y-F-F-A-Y-Y-F,9.986136
180,V-I-I-V-I-I-L-I-Y-I-I-I-F,9.982454
181,F-F-A-S-A-A-A-A-A-G-A-A-A,9.980908
182,A-A-L-L-V-A-V-H-V-L-A-L-L,9.983482
183,S-S-S-S-S-S-S-S-S-S-S-S-S,9.995575
184,F-F-F-F-F-F-F-F-F-F-F-F-F,9.996485
185,I-V-V-V-V-V-P-V-V-V-V-V-V,9.978542
186,R-R-R-R-Q-R-R-R-K-G-N-R-Q,9.932695
187,T-K-K-K-R-C-C-H-D-S-T-N-K,9.899185
188,A-A-G-G-P-N-G-S-A-V-V-K-S,9.882163
189,N-Q-S-E-E-E-E-K-K-Y-A-E-E,9.875819
190,D-D-D-D-D-D-D-D-V-D-D-D-N,9.870723
191,V-V-L-I-V-I-L-V-V-V-I-V-V,9.843583
192,L-L-V-H-A-D-N-Q-H-L-K-K-D,9.773533
193,T-D-Q-T-E-S-Y-D-E-K-Q-E-S,9.732725
194,I-I-V-L-V-M-A-V-L-V-L-L-L,9.688751
195,R-R-R-K-K-R-R-Q-K-K-R-K-R,9.609910
196,E-A-K-Q-K-K-R-E-E-S-D-D-D,9.365542
197,V-L-L-F-V-V-L-I-Y-F-Y-I-F,9.050951
198,L-C-L-L-A-L-A-L-L-L-L-I-V,8.594447
199,G-E-G-A-A-E-R-T-K-E-K-S-I,7.924052
200,E-E-K-E-G-N-D-A-R-K-L-E-D,7.343660
201,Q-A-H-R-R-F-A-S-C-K-K-Y-S,6.963221
202,G-N-A-G-A-G-G-G-N-S-N-K-G,6.488842
203,--A---H---R---N---A-A----,1.878899
204,K-S-K-P---P-C-P-A-D-S-G-G,5.396391
205,D-Y-T-D---N-D-D-D-L-G-D-D,6.108033
206,V-V-I-L---M-A-V-I---V-C-Q,6.312911
207,K-K-L-P-L-P-K-K-H---K-E-Y,7.566028
208,I-I-L-V-V-I-I-I-V---I-V-I,8.017497
209,I-F-M-I-M-I-V-I-I---I-I-I,8.161847
210,V-P-S-A-A-A-A-S-V---A-S-S,8.287210
211,K-K-K-K-K-K-K-K-K---K-K-K,8.357716
212,I-I-V-I-I-I-V-I-I---I-I-I,8.366873
213,E-E-E-E-E-E-E-E-E---E-E-E,8.358851
214,N-S-N-K-K-N-R-N-S---S-T-T,8.300449
215,Q-Q-Q-P-P-H-A-Q-A---N-K-K,8.254987
216,Q-E-E-Q-Q-L-E-E-D---H-E-S,8.228916
217,G-G-G-A-A-G-A-G-S---A-G-G,8.184377
218,V-I-V-I-L-V-V-I-I---L-L-L,8.037542
219,N-D-A-D-T-Q-C-D-P---N-K-D,7.595070
220,N-N-N-N-R-N-S-N-N---N-N-N,7.418401
221,------------Q------------,0.000000
