column_index,alignment_column,zorro_score
1,P-R-R-R-R-I-R-R-----V---R---E,4.771533
2,Q-K-K-K-I-R-K-T-----V---K-M-K,5.102304
3,P-Y-F-P-P-P-S-R-----Y-M-P-K-K,6.086315
4,I-F-F-I-L-L-Y-Y-----W-I-L-Y-I,6.271616
5,A-V-V-I-V-V-V-L-----V-L-V-I-I,6.432482
6,A-A-G-A-A-A-F-I-----G-A-G-I-A,6.539029
7,A-A-G-G-G-G-G-G-----T-A-I-A-G,6.764236
8,N-N-N-N-N-N-N-N-----S-N-N-N-N,7.156423
9,W-W-W-W-W-W-W-W-----W-F-M-F-W,7.205072
10,K-K-K-K-K-K-K-K-----K-K-K-K-K,7.175893
11,C-C-M-M-M-M-M-T-M-M-M-T-N-M-M,8.279599
12,N-N-N-N-N-N-H-N-N-N-N-N-Y-N-N,8.090041
13,------------------------I----,0.135168
14,G-G-G-K-F-G-K-K-P-G-K-H-N-A-I,7.445459
15,T-T-D-T-D-K-T-N-M-N-T-T-T-T-N,7.339240
16,T-L-K-L-H-G-A-L-Q-S-L-R-R-Q-H,7.082329
17,A-E-K-S-L-E-K-K-A-T-A-K-A-E-S,6.955010
18,S-S-S-E-E-S-E-D-D-S-E-S-Q-L-Q,6.850136
19,I-I-L-A-A-L-A-A-A-I-A-T-T-I-A,6.729318
20,E-K-G-V-T-T-K-V-K-K-L-R-S-N-V,6.653924
21,K-S-E-S-Y-E-D-S-Q-E-D-H-E-H-S,6.628278
22,L-L-L-F-F-L-F-F-L-L-F-Y-W-F-Y,6.567045
23,V-T-I-V-V-R-L-V-L-C-A-L-L-L-L,6.395595
24,Q-N-Q-E-Q-A-S-E-Q-S-E-E-E-N-Q,6.226615
25,V-S-T-E-K-I-I-Q-E-G-R-R-A-N-E,5.959696
26,F-F-L-V-L-A-F-F-F-I-L-L-T-L-L,5.747261
27,N-N-N-K-V-A-C-Q-K-S-A-S-I-T-N,5.316446
28,E-N-A-G-W-G-P-Q-Q-Q-G-N-P-L-W,4.854980
29,H-L-A-Q-L-L-F-N-L-V-F-F-L-F-R,4.480325
30,T-D-K-I-L-S-V---L-Q-I-L-L-D-L,3.702101
31,I-F-V-P-R-S-K-K-Q-Y-P-F-E-E-I,3.447386
32,S-D-P-A-D-D-E-L-E-D-G-E-N-Q-D,3.257648
33,--P---A-A-L-I-N-N-T-F-T-F-K-N,2.635945
34,--------H-G-S---E---D-S-S---G,1.557533
35,--------F-------I-----------H,0.304767
36,--------D-------T-----------D,0.307545
37,--------F-------E-----------F,0.406352
38,H-S-F-S-K-R-P-Y-E-S-D-C-----D,2.779950
39,D-K-T-A-R-K-A-N-K-R-R-E-D---A,3.858572
40,V-L-G-V-C-L-S-A-C-V-I-H-V-I-C,4.971871
41,Q-D-E-D-E-D-L-K-N-A-Q-D-D-I-E,5.475924
42,C-V-I-A-V-A-V-I-I-I-P-I-T-I-I,5.940302
43,V-V-V-V-A-V-G-G-G-A-F-F-F-G-A,6.199067
44,V-V-C-V-L-I-I-I-L-V-V-L-I-L-V,6.559028
45,A-F-A-C-F-C-A-A-A-F-I-F-F-A-F,6.683092
46,P-P-P-S-P-V-P-P-P-P-P-P-P-P-P,6.841140
47,T-V-P-P-S-P-A-V-V-S-P-P-S-G-P,6.721810
48,F-S-E-A-F-A-F-Y-T-S-F-P-M-D-F,6.607073
49,V-V-A-L-T-T-T-V-L-V-T-L-G-L-T,6.624944
50,H-H-Y-F-S-L-T-H-A-Y-A-A-T-Y-D,6.600481
51,I-Y-L-L-L-L-L-L-L-V-V-L-L-L-L,6.616099
52,P-D-D-E-R-S-S-T-T-K-R-D-E-K-R,6.317513
53,L-H-F-R-S-R-A-E-S-E-E-F-T-T-S,5.954629
54,V-T-A-L-V-A-C-I-T-V-V-F-T-F-V,5.700625
55,Q-R-R-V-Q-A-C-K-Q-I-K-D-A-V-Q,5.420337
56,A-K-L-A-V-E-E-K-A-S-R-D-N-N-T,5.195177
57,K-L-K-A-L-T-S-I-E-Q-A-I-L-L-L,4.985614
58,L-L-V-T-V-L-I-I-L-L-L-G-L-A-V,4.803912
59,R---D-E-E-E-K-S-A-P-S-G-A-E-A,3.924132
60,--------A---E---N---S---G-I-S,1.523117
61,--------D---M---A-----------D,0.634325
62,N-Q---G-K-G-D---A-----------D,1.354415
63,P-S-P-T-L-E-S-D-R-E-T---T-K-I,5.098938
64,K-K-K-D-H-T-S-S-S-K-R---S-K-Q,5.782244
65,Y-F-F-L-V-V-I-L-V-V-I-V-F-V-I,7.186327
66,V-S-G-Q-A-G-W-L-F-G-K-C-G-N-S,7.558077
67,I-T-V-V-Y-L-L-L-T-V-V-I-F-L-Y,8.018101
68,S-G-A-G-G-G-G-F-V-G-G-G-G-Y-G,8.456245
69,A-I-A-A-A-G-A-A-A-L-A-T-P-A-A,8.844833
70,E-Q-Q-Q-Q-Q-Q-Q-Q-Q-Q-Q-Q-Q-Q,9.034554
71,N-N-N-N-S-D-N-D-D-N-N-N-N-N-D,9.024531
72,----------------V------------,0.082293
73,A-V-C-M-V-A-V-A-S-I-M-A-M-P-V,8.425858
74,I-S-Y-H-S-H-H-N-R-T-H-Y-A-S-S,8.355019
75,A-K-K-F-V-F-Q-F-F-F-W-P-P-L-A,8.392158
76,K-F-V-E-T-K-D-I-G-Y-A-A-E-H-F,8.404362
77,--G-S-K-T-T-S-E-N-D-D-P-K-N-S,8.493157
78,S-N-K-N-Q-S-S-S-M-D-A-S-S-K-D,9.519429
79,G-G-G-G-G-G-G-G-G-G-G-G-G-G-G,9.919647
80,A-S-A-A-A-A-A-S-A-A-A-A-P-P-A,9.963595
81,F-Y-F-F-F-H-F-Y-Y-Y-W-F-L-Y-H,9.983715
82,T-T-T-T-T-T-T-T-T-T-T-T-T-T-T,9.996860
83,G-G-G-G-G-G-G-G-G-G-G-G-G-G-G,9.999020
84,E-E-E-E-D-D-E-T-E-E-E-E-E-Q-Q,9.998500
85,V-V-I-I-V-I-V-V-V-I-I-V-F-I-I,9.996813
86,S-S-S-S-S-S-S-S-S-S-S-G-S-S-S,9.990402
87,M-A-P-P-A-P-L-F-A-A-P-S-V-C-A,9.971933
88,P-E-A-V-D-E-P-T-E-R-P-E-E-L-Q,9.962201
89,I-I-M-A-M-M-M-Q-L-M-M-Q-S-Q-F,9.963013
90,L-A-I-L-I-L-L-L-L-L-L-L-I-L-L,9.971536
91,K-K-K-S-A-K-Q-Q-K-E-R-E-I-L-K,9.975833
92,D-D-D-D-H-E-E-D-D-D-D-E-D-D-D,9.986343
93,I-L-C-L-L-A-F-I-S-I-C-L-L-I-L,9.984016
94,G-N-G-K-G-G-H-G-Q-G-G-A-N-N-D,9.981951
95,V-I-V-V-C-A-V-V-I-C-L-I-A-I-C,9.980180
96,H-E-T-G-S-T-N-N-E-D-D-Q-N-K-K,9.978194
97,W-Y-W-Y-Y-H-F-N-Y-Y-L-T-Y-N-Y,9.978776
98,V-V-V-V-V-V-V-S-V-L-V-I-V-A-V,9.982859
99,I-I-I-V-I-I-L-I-L-L-E-L-E-L-L,9.985095
100,L-I-L-L-V-L-L-I-I-I-L-I-I-V-I,9.992019
101,G-G-G-G-G-G-G-G-G-G-G-G-G-G-G,9.999370
102,H-H-H-H-H-H-H-H-H-H-H-H-H-H-H,9.999083
103,S-F-S-S-S-S-S-S-S-S-S-S-A-S-S,9.990931
104,E-E-E-E-E-E-E-E-E-E-E-E-E-E-E,9.973949
105,R-R-R-R-R-R-C-R-R-R-R-R-R-I-Q,9.879460
106,R-R-R-R-R-R-R-R-R-R-R-R-K-R-R,9.774090
107,T-K-H-E-K-T-H-K-E-S-E-G-N---C,7.770228
108,Y-Y-V-M-Y-D-I-Y-Y-L-H-I-L---L,7.519423
109,----------------------------P,0.042795
110,----------------------------C,0.033841
111,----------------------------Y,0.008460
112,----------------------------P,0.002266
113,----------------------------G,0.001233
114,----------------------------N,0.000651
115,----------------------------N,0.000497
116,----------------------------S,0.000601
117,----------------------------A,0.000953
118,----------------------------I,0.000897
119,----------------------------N,0.002036
120,----------------------------E,0.003356
121,----------------------------L,0.006124
122,Y-F-F-F-H-H-F-Y-F-F-F-L-F-I-N,7.740488
123,G-H-G-A-P-H-H-N-A-A-G-G-H-D-N,7.927410
124,E-E-E-E-E-E-E-E-E-E-E-E-E-F-K,8.068120
125,T-T-S-T-D-S-E-T-S-S-T-S-K-S-H,8.301079
126,D-D-D-D-D-N-D-S-A-D-D-Q-T-Q-D,8.465442
127,E-E-E-E-A-K-A-A-A-E-R-A-S-S-G,8.652311
128,I-D-L-S-N-L-T-V-I-D-T-F-E-I-L,8.957494
129,V-V-I-V-I-I-I-I-L-V-V-C-I-I-I,9.112771
130,A-R-G-N-V-C-A-N-N-F-G-A-A-D-A,9.153314
131,Q-E-Q-K-D-A-L-Q-A-K-L-E-K-Q-N,9.238926
132,K-K-K-K-Q-K-K-K-K-K-K-K-K-K-K,9.308647
133,V-L-V-T-V-T-V-L-A-L-T-F-I-I-L,9.313206
134,S-Q-S-I-R-E-G-F-Q-N-A-R-K-K-L,9.281417
135,E-A-H-A-A-A-A-A-N-K-A-Y-L-I-R,9.273628
136,A-S-A-A-V-A-A-C-A-I-A-Y-A-S-S,9.297767
137,C-L-L-F-L-W-A-L-L-I-V-A-L-M-F,9.330617
138,K-K-S-E-A-A-R-K-N-D-K-S-D-D-A,9.359526
139,Q-N-E-H-A-A-S-A-A-T-H-L-E-L-A,9.395927
140,G-N-G-G-G-G-G-S-G-T-G-G-K-L-G,9.479072
141,F-L-L-L-M-L-V-M-L-I-M-Y-I-E-I,9.510605
142,M-K-G-T-Q-V-V-Q-K-T-I-T-T-Q-C,9.580965
143,V-A-V-P-P-A-P-V-V-P-P-I-P-V-P,9.660014
144,I-V-V-I-I-I-V-V-I-V-L-F-V-I-I,9.793274
145,A-V-A-V-L-V-L-L-Y-V-I-Y-V-I-L,9.898267
146,C-C-C-C-C-C-C-C-C-C-C-C-C-C-C,9.954839
147,I-F-I-C-V-V-I-I-V-I-V-I-V-V-I,9.925975
148,G-G-G-G-G-G-G-G-G-G-G-G-G-G-G,9.867802
149,E-E-E-E-E-E-E-E-E-E-E-E-E-E-D,9.616187
150,T-S-K-T-S-T-T-A-S-S-T-S-E-T-I,9.090946
151,L-L-L-L-F-A-L-L-L-L-L-L-V-F-S,8.773641
152,Q-E-D-E-E-S-E---E-D-A-E-H-D-P,7.637626
153,Q-Q-E-E-E-E-A---Q-D-E-V-A-A-G,7.443481
154,R-R-R-R-R-R-R---R-R-R-R-N-Y-D,7.331780
155,E-E-E-E-R-K-E---E-K-E-R-D-K-H,7.213977
156,A-Q-A-S-Q-A-N---S-S-S-A-T-Q-F,7.066163
157,N-N-G-G-G-E-G-G-G-G-G-G-N-N-D,7.119342
158,Q-K-I-K-I-R-T-Q-Q-K-Q-I-E-K-A,6.778086
159,T-T-T-T-E-A-T-E-A-L-A-E-L-S-T,6.625321
160,A-I-E-F-L-L-K-I-E-K-D-A-K-L-L,6.467595
161,K-E-G-D-D-D-E-S-V-Q-A-T-N-N-S,6.391974
162,V-V-V-L-F-V-V-F-V-V-V-I-A-F-R,6.336565
163,V-I-V-V-A-I-L-L-V-L-L-R-L-V-F,6.248485
164,L-T-F-A-V-G-S-K-L-A-S-H-K-L-R,6.123065
165,S-K-E-G-G-D-N-T-Q-T-A-N-K-N-S,6.064678
166,Q-Q-V-Q-Q-Q-Q-D-Q-Q-Q-L-Q-Q-V,6.014266
167,T-V-T-V-V-L-L-L-I-L-V-S-I-L-L,5.807370
168,S-K-E-T-R-S-M-T-C-S-E-Q-E-A-S,5.503038
169,A-A-V-K-D-G-L-N-D-L-G-L-A-N-H,5.184023
170,I-F-I-A-V-S-G-C-L-I-A-E-L-I-L,4.962368
171,A-V-A-L-T-L-L-L-A-L-L-G-F-I-K,4.737235
172,A-D-D-A-R-P-A-D-S-E-Q-I-Q-N-A,4.470434
173,K-L-D-G-D-D-Q-T-V-N-F-D-T-Y-I,4.194640
174,L-I-V-L-L-G-L-I-V-L-L-L-I-K-S,3.942479
175,T-D-K-T-N-V-P-D-T-S-E-S-N-G-D,3.566170
176,--------------------G-------K,0.115863
177,----------------------------K,0.000621
178,----------------------------H,0.000477
179,----------------------------S,0.001097
180,----------------------------I,0.000816
181,----------------------------G,0.000472
182,----------------------------Y,0.000551
183,----------------------------A,0.000409
184,----------------------------L,0.000219
185,----------------------------G,0.000254
186,----------------------------S,0.000563
187,----------------------------K,0.000675
188,----------------------------T,0.000756
189,----------------------------H,0.002212
190,----------------------------F,0.003841
191,----------------------------L,0.004149
192,K-----E-E-----K-A-V-E---L---D,2.227590
193,D-----E-E-----S-E-E-A---A---S,2.357994
194,A-N-D-Q-Q-T-E-L-Q-Q-K---Q---D,4.232906
195,W-F-W-V-A-A-T-I-W-L-T-Y-W-L-Q,6.602828
196,N-D-S-K-A-E-A-K-P-A-A-P-E-K-L,7.308535
197,Q-N-K-A-K-N-P-N-H-K-K-K-N-K-H,8.179699
198,V-V-V-T-L-T-V-L-I-V-I-L-V-I-M,8.960201
199,V-I-V-V-I-I-I-V-V-V-L-I-V-I-L,9.408522
200,L-L-L-I-V-I-I-I-I-I-F-I-L-I-V,9.662875
201,A-V-A-A-A-A-A-A-A-A-A-A-A-A-A,9.925241
202,Y-Y-Y-Y-Y-Y-Y-Y-Y-Y-Y-Y-Y-Y-Y,9.991197
203,E-E-E-E-E-E-E-E-E-E-E-E-E-E-E,9.997882
204,P-P-P-P-P-P-P-P-P-P-P-P-P-P-P,9.998530
205,V-L-V-I-V-I-V-L-I-V-V-I-E-I-S,9.996770
206,W-W-W-W-W-W-W-W-W-W-W-W-W-W-S,9.996019
207,A-A-A-A-A-A-A-A-A-A-A-A-A-A-A,9.993896
208,I-I-I-I-I-I-I-I-I-I-I-I-I-I-I,9.982208
209,G-G-G-G-G-G-G-G-G-G-G-G-G-G-N,9.891358
210,--------------------D---K----,0.315371
211,T-T-T-T-T-T-T-T-T-T-K-T-A-T-S,7.371488
212,G-G-G-G-G-G-G-G-G-G-G-G-S-D-G,7.466760
213,K-K-K-K-M-L-K-K-K-V-I-V-S-L-N,7.375144
214,V-T-T-S-V-T-V-T-T-V-P-S-A-E-C,7.275130
215,A-A-A-S-A-P-A-A-A-A-A-A-E-L-A,7.238487
216,T-T-S-S-T-T-S-T-S-S-S-S-T-D-N,7.149988
217,P-P-P-S-P-V-T-P-P-L-A-L---F-S,7.041579
218,E-E-Q-A-Q-Q-A-E-E-E-D-E-N-K-G,8.512320
219,Q-Q-Q-D-S-D-D-V-D-Q-Y-Q-Y-H-D,8.451172
220,A-A-S-A-A-V-V-A-A-I-A-I-I-I-I,8.397267
221,Q-Q-Q-N-Q-R-Q-N-Q-Q-D-Q-E-N-V,8.317691
222,E-L-E-E-D-A-E-Q-T-E-K-E-S-Y-R,8.262921
223,V-V-L-V-A-A-V-T-M-T-Q-T-A-M-M,8.211630
224,H-H-H-C-A-H-H-I-H-H-Q-H-H-I-A,8.173114
225,L-K-G-A-N-A-A-K-A-Q-A-A-Q-E-A,8.151836
226,L-E-K-H-A-F-F-T-K-F-L-A-A-G-A,8.101377
227,L-I-L-I-I-M-C-I-I-I-I-L-L-I-I,8.121233
228,R-R-R-R-R-R-R-R-R-R-K-K-R-K-K,7.997971
229,K-K-K-K-N-E-E-E-E-S-T-A-E-T-D,7.636383
230,W-I-W-V-D-Q-V-Y-G-L-V-H-I-Y-I,7.227620
231,V-V-L-V-L-L-L-I-L-L-A-L-I-L-V,6.879984
232,S-K-K-A-K-I-S-N-T-A-G-S-R-Y-N,6.051560
233,E-D-E-E-T-E-R-D-Q-K-A---E-N--,4.823544
234,N-T-N-V-T-R-I-L-I-V-----L----,3.767668
235,I-C-V-V-F-F-F-Y-T-D-----G----,3.457886
236,G-G-S-S-G---S-D--------------,1.658916
237,T-E-E-P-T-G-K-E---E----------,2.202169
238,D-K-T-A-K-A-E-N-S-R-L---G-C--,3.632538
239,V-Q-V-A-V-K-K-V-H-L-L---D-T--,3.951444
240,A-A-A-A-S-G-S-A-G-A-P---E-G--,4.428124
241,A-N-D-E-D-A-E-N-A-K-S---T-I--,4.840229
242,K-Q-S-A-S-H-I-N-N-N-V---L-N--,5.453559
243,L-I-V-V-V-L-I-I-M-I-P-C-V-I-V,8.282264
244,R-R-R-R-R-R-S-S-A-K-P-P-R-P-R,9.043241
245,I-I-I-I-I-L-I-I-I-I-V-L-I-I-V,9.640917
246,L-L-I-Q-L-L-L-L-L-V-L-L-I-L-L,9.875143
247,Y-Y-Y-Y-Y-Y-Y-Y-Y-Y-Y-Y-Y-Y-Y,9.990744
248,G-G-G-G-G-G-G-G-G-G-G-G-G-G-G,9.997767
249,G-G-G-G-G-G-G-G-G-G-G-G-G-G-G,9.997967
250,S-S-S-S-S-S-S-S-S-S-S-S-S-S-G,9.997061
251,V-V-V-V-V-V-V-V-V-L-V-V-V-V-V,9.995124
252,N-N-T-K-T-K-K-D-K-K-N-N-S-N-N,9.983383
253,A-T-G-P-S-P-A-H-A-A-P-L-K-D-L,9.971450
254,A-E-A-E-K-S-D-N-E-E-G-S-E-N-F,9.968173
255,N-N-T-N-N-N-N-N-N-N-N-N-N-N-N,9.970986
256,A-C-C-I-A-A-A-I-A-A-A-I-A-I-A,9.953984
257,A-S-K-K-A-A-E-Q-V-K-A-A-A-N-S,9.938167
258,T-S-E-E-E-E-G-K-E-D-E-E-E-E-A,9.930105
259,L-L-L-Y-L-L-F-L-L-I-L-I-I-L-V,9.919600
260,Y-I-A-M-I-L-A-A-A-L-V-L-V-C-F,9.902469
261,A-Q-S-A-S-G-R-I-A-S-G-A-R-N-N,9.893279
262,K-Q-E-Q-Q-V-C-M-C-L-Q-L-Q-Q-E,9.891537
263,P-E-P-S-P-A-P-E-P-P-P-P-K-K-D,9.901898
264,D-D-D-D-D-D-D-Q-D-D-N-E-N-L-L,9.912529
265,I-I-V-I-V-V-V-I-I-V-I-V-V-I-L,9.943487
266,N-D-D-D-D-D-D-D-N-D-D-D-D-D-D,9.957904
267,G-G-G-G-G-G-G-G-G-G-G-G-G-G-G,9.927056
268,F-F-F-A-F-A-L-F-A-G-L-A-L-F-I,9.825552
269,L-L-L-L-L-L-L-L-L-L-F-L-F-L-L,9.797411
270,V-V-V-V-I-V-V-V-----I-I-V-I-V,7.628075
271,G-G-G-G-G-G-G-G-----G-G-G-G-G,7.623407
272,G-N-G-G-G-G-G-K-----R-S-R-N-R,7.591304
273,A-A-A-A-A-A-A-A-----S-A-F-A-A,7.562870
274,S-S-S-S-A-S-S-S-----A-S-G-S-S,7.546261
275,L-L-L-L-L-L-L-L-----W-L-H-L-L,7.495826
276,K-K-K-E-D-K-D-E-----Q-K-K-D-N,7.207447
277,------P-V-A-P-I-----A-V-P-V-A,5.331913
278,P-E-P-A-E-A-Q-K-----D-E-Q-N-S,5.908671
279,E-S-E-S-E-D-G-N-----G-D-N-V-D,6.427404
280,F-F-F-F-L-F-F-F-----Y-F-F-F-F,7.163367
281,R-V-V-L-A-L-A-L-----I-C-A-N-A,7.179143
282,D-D-E-G-K-A-N-E-----D-Q-D-K-S,7.199987
283,I-I-Y-L-I-I-V-M-----I-M-I-I-L,7.185024
284,I-I-K-L-A-C-L-A-----L-I-V-I-I,7.140410
285,D-K-D-G-R-E-R-R-----G-Q-S-D-K,7.033035
286,A-S-V-A-L-T-N-V-----R-K-I-K-T,6.884959
287,T-A-R-V-A-Y-F-Y-----A-I-V-C-C,6.702177
288,R-M-Q-K-L-R-N-A-----S---S-K-C,6.109656
