column_index,alignment_column,zorro_score
1,L-T-V-E-S-F-F-V-A-S-S-T-L,5.479940
2,A-M-A-R-I-L-V-A-V-V-V-F-A,5.389052
3,H-A-F-D-R-V-G-R-A-R-K-R-R,5.327241
4,D-K-D-A-E-K-P-R-S-K-K-T-K,5.296514
5,F-F-F-L-L-L-L-F-W-F-F-Y-F,5.213961
6,G-L-A-L-I-R-E-T-V-F-A-C-T,5.052253
7,E-Q-A-T-T-E-K-A-A-Q-Q-Q-R,4.946373
8,K-E-R-D-T-F-F-N-N-E-E-E-E,4.830581
9,K-H-E-L-N-L-F-E-Y-E-Q-R-E,4.763814
10,L-L-M-V-F-D-T-L-G-V-I-L-I,4.704407
11,--------P-T-E-M----------,0.091085
12,--------E---E-P----------,0.059818
13,--------------L----------,0.001291
14,--------------E----------,0.000290
15,--------------K----------,0.000228
16,--------------V----------,0.000227
17,--------------L----------,0.000565
18,--------------L----------,0.000398
19,--------------E----------,0.000252
20,A-A-A-G-------R-H-I-A-M-I,3.262908
21,P-P-P-D-E-V-V-E-E-P-P-P-P,4.200633
22,T-K-N-R-Y-D-D-M-Y-H-L-R-V,4.471628
23,V-A-M-A-F-G-S-R-Y-H-V-I-A,4.762901
24,T-Q-A-A-R-S-R-M-L-A-S-L-A,5.071029
25,E-E-E-E-T-V-K-W-D-E-T-L-Q,5.370582
26,R-I-W-W-C-I-I-T-K-W-M-A-Y,5.663977
27,D-D-D-D-D-E-D-D-A-E-D-N-D,6.137605
28,H-R-Q-T-Q-R-Q-G-R-K-E-R-K,6.271375
29,K-S-K-S-N-A-E-Y-K-A-N-N-S,6.355190
30,G-N-E-G-G-A-G-T-H-G-S-E-G,6.478969
31,I-E-L-E-T-Q-K-L-E-E-K-V-E,6.594664
32,Y-F-F-L-Y-I-I-L-H-V-M-F-Y,6.710123
33,D-K-P-P-P-P-P-P-T-S-E-H-P,6.652551
34,--N-----------E----------,0.292674
35,--------------A----------,0.022114
36,--------------D----------,0.021457
37,--L-----------H----------,0.296914
38,K-R-V-R-R-D-V-A-S-R-K-R-W,7.198360
39,E-E-D-D-E-E-D-R-E-E-S-E-P,7.677493
40,L-F-V-L-F-Y-T-L-L-L-V-I-I,7.998669
41,I-W-M-L-M-V-L-M-W-W-I-I-I,8.169283
42,D-K-R-V-R-K-E-K-A-E-Q-S-K,8.301721
43,E-Q-K-R-A-G-K-I-E-K-G-E-K,8.400939
44,L-L-A-L-L-L-L-T-A-A-L-M-A,8.560553
45,L-G-A-G-A-A-K-Q-G-G-F-G-W,8.736925
46,S-N-Q-A-D-E-S-E-K-K-Q-E-E,8.969618
47,L-L-L-D-N-L-L-M-L-Q-Q-L-L,9.240324
48,G-G-G-G-G-G-G-G-G-G-G-G-G,9.503773
49,I-V-F-L-I-C-L-F-F-L-L-V-L,9.498545
50,T-L-G-L-S-F-F-W-L-L-M-L-M,9.453760
51,G-G-G-C-M-G-G-G-G-G-G-G-N,9.439480
52,A-I-V-A-L-L-I-I-V-I-I-P-N,9.361584
53,Y-T-Y-E-G-K-Q-E-N-N-E-T-H,9.336049
54,F-A-I-V-V-I-V-V-L-I-V---I,8.240343
55,E-P-Q-A-P-P-P-D-P-A-D-I-P,8.454014
56,E-V-T-A-E-S-E-E-E-E-P-K-A,8.802536
57,K-Q-D-E-E-E-E-K-E-R-E-G-D,9.097448
58,Y-Y-V-H-F-Y-Y-L-Y-H-Y-Y-I,9.430096
59,G-G-G-G-G-G-G-G-G-G-G-G-G,9.490376
60,G-G-G-G-G-G-G-G-G-G-G-C-G,9.412604
61,S-S-S-L-I-L-L-Q-G-I-T-A-L,9.168483
62,G------------------------,0.107000
63,D------------------------,0.098897
64,D------------------------,0.092422
65,G-G-G-G-P-N-G-G-G-G-G-G-D,8.404663
66,G-L-L-L-A-M-L-L-A-G-A-V-L,8.257116
67,D-G-S-G-D-S-S-G-G-D-S-S-D,8.153065
68,V-Y-R-S-Y-Q-N-M-M-L-F-S-V,7.935184
69,L-L-L-R-V-V-T-F-Y-Y-L-V-F,7.816550
70,S-E-D-E-T-A-M-A-E-S-S-A-T,7.733208
71,Y-H-T-N-Q-Y-Y-K-L-A-T-Y-T,7.633106
72,I-V-S-G-M-N-A-T-S-A-V-G-C,7.525020
73,L-L-V-E-L-R-R-L-L-I-L-L-L,7.457629
74,A-V-I-F-A-V-L-V-V-V-V-L-S,7.364494
75,V-M-F-T-L-L-G-V-M-W-I-A-A,7.263948
76,E-E-E-A-M-M-E-E-E-E-E-R-E,7.170739
77,E-E-A-H-E-M-I-E-E-E-E-E-E,7.087350
78,L-I-L-V-V-V-I-M-M-Q-L-L-L,6.943003
79,A-S-A-G-S-T-S-S-A-A-A-E-A,6.641581
80,K-R-T-S-K-T-L-K-A-Y-K-R-Y,6.189011
81,Y-A-G-L-C-V-D-S-A-S-V-V-G,5.619062
82,D-S-C-C---H-A-L-G-N-D-D-C,4.718686
83,A-G-----------I----------,0.271559
84,G-A-T-S---S---G-----A-S-T,2.014516
85,V-V-S-S-G-S-S-F-S-C-S-G-G,3.254440
86,A-G-T-L-A-L-I-S-A-T-V-Y-I,3.351464
87,I-L-T-R-P-G-T-H-L-G-A-R-M,3.489919
88,T-S-A-S-A-A-V-H-L-P-V-S-T,3.683350
89,L-Y-Y-V-F-L-T-G-L-G-F-A-A,3.839031
90,S-G-I-M-L-L-L-F-M-F-C-M-L,3.935006
91,A-A-S-T-I-S-A-T-V-S-E-S-E,4.011734
92,T-H-I-S-T-A-A-L-V-L-I-V-A,4.034315
93,V-S-H-Q-N-H-H-P-S-H-Q-Q-S,3.997305
94,S-N-N-G-G-Q-Q-P-P-S-N-S-G,3.978006
95,L-L-M-M-Q-S-A-D-A-D-T-S-L,3.860576
96,----------I-I-A-I-I-L-L-G,1.681206
97,----------G---P----------,0.198031
98,C-C-C-A-C-V-G-N-N-V-I-V--,5.204423
99,A-I-A-A-I-P-L-L-G-M-N-M-Q,6.521330
100,N-N-W-W-H-E-K-Y-T-P-T-H-T,7.028675
101,P-Q-M-T-S-P-G-Y-I-Y-L-P-P,7.576649
102,I-L-I-V-M-L-I-L-I-I-I-I-V,8.253496
103,W-V-D-Q-R-K-I-E-A-A-R-Y-I,8.500554
104,Q-R-S-R-R-L-L-E-K-N-K-A-L,8.798666
105,F-N-F-L-F-A-V-C-F-Y-H-Y-S,9.181154
106,G-G-G-G-G-G-G-G-G-G-G-G-G,9.647305
107,T-N-N-D-S-T-N-S-T-S-T-S-N,9.674373
108,E-E-E-A-A-A-D-P-D-E-E-E-K,9.665568
109,A-A-E-G-E-E-E-A-D-E-E-E-E,9.679360
110,Q-Q-Q-Q-Q-Q-Q-Q-Q-Q-Q-Q-Q,9.701855
111,K-K-R-R-L-K-K-R-K-I-K-R-K,9.424465
112,E-E-H-A-R-R-A-D-K-K-A-Q-K,9.363832
113,K-K-K-T-K-R-K-K-R-H-T-K-K,9.327311
114,F-Y-F-F-T-F-Y-Y-W-F-Y-Y-Y,9.228055
115,L-L-C-L-A-L-L-V-L-I-L-L-L,9.069177
116,--------E----------------,0.121395
117,V-P-P-K-S-P-P-R-P-P-P-P-G,8.897294
118,P-K-P-E-T-R-K-R-G-Q-Q-Q-R,8.927113
119,L-L-L-L-L-C-L-Y-I-M-L-L-L,8.912173
120,V-I-C-T-E-A-S-C-A-T-T-A-L,8.666595
121,E-S-T-S-T-A-S-R-D-A-T-K-E,8.507707
122,G-G-M---G-G-G-G-G-G---G-E,6.458317
123,T-E-E---D---E-E-S-K-E-E-P,6.140757
124,K-Y-K-G-P-A-H-I-L-C-K-L-L,7.013073
125,L-I-F-L-A-I-I-D-T-I-V-L-V,8.165395
126,G-G-A-A-Y-S-A-S-M-G-G-G-A,8.741896
127,A-A-S-A-A-A-A-A-A-A-S-C-A,9.203630
128,F-L-Y-V-L-F-F-M-F-I-F-F-Y,9.408448
129,G-A-C-G-A-L-C-M-A-A-C-G-C,9.509301
130,L-M-L-F-L-L-L-A-I-M-L-L-V,9.634188
131,T-S-T-S-T-T-T-T-T-T-S-T-T,9.833163
132,E-E-E-E-E-E-E-E-E-E-E-E-E,9.943041
133,P-P-P-R-P-P-P-P-P-P-A-P-P,9.952947
134,N-N-G-Q-G-D-A-G-D-G-G-N-G,9.964395
135,A-A-S-A-A-V-S-A-A-A-A-S-A,9.984017
136,G-G-G-G-G-G-G-G-G-G-G-G-G,9.989172
137,T-S-S-S-S-S-S-S-S-S-S-S-S,9.977273
138,D-D-D-D-D-D-D-D-N-D-D-D-D,9.937961
139,A-V-A-L-N-P-A-I-S-L-S-P-V,9.742935
140,S-V-A-S-N-A-A-S-H-Q-F-S-S,9.587929
141,G-S-S-A-S-R-S-G-K-G-A-S-G,9.471798
142,Q-M-L-M-A-M-I-L-I-V-L-M-I,9.358231
143,Q-K-L-R-T-A-Q-T-T-R-K-E-K,9.161291
144,T-L-T-T-T-S-T-T-T-T-T-T-T,9.022597
145,I-K-S-R-T-T-R-T-T-N-R-R-R,8.753075
146,A-A-A-V-Y-A-A-A-A-A-A-A-A,8.487921
147,T-E-K-R-T-T-T-V-R-K-D-H-E,7.840162
148,K-K-K-L-R-P-L-R-R-K-K-Y-K,7.166926
149,N-K-Q-D-K-I-S-E-D-D-E-N-K,6.573977
150,D-G-G-G-N-D-E-N-G-G-G-S-G,6.250544
151,----------D-D---------S--,0.507409
152,D---------G-K---------N--,0.616638
153,G-N-D-D-G-Q-K-G-S-S-D-K-D,7.483530
154,T-H-H-T-K-A-Y-Q-D-D-Y-S-E,8.136553
155,Y-Y-Y-A-V-Y-F-W-W-W-Y-Y-W,8.837886
156,T-I-I-V-Y-E-I-V-I-I-V-T-V,9.141402
157,L-L-L-V-I-L-L-I-I-L-L-L-I,9.598195
158,N-N-N-D-N-E-N-N-K-N-N-N-N,9.931335
159,G-G-G-G-G-G-G-G-G-G-G-G-G,9.980691
160,S-N-S-H-Q-V-S-S-Q-S-S-T-Q,9.983319
161,K-K-K-K-K-K-K-K-K-K-K-K-K,9.986130
162,I-F-A-V-T-L-V-I-V-V-M-T-M,9.977756
163,F-W-F-W-F-W-W-F-F-F-W-W-W,9.964560
164,I-I-I-T-I-T-I-I-I-I-I-I-I,9.920840
165,T-T-S-T-T-T-T-S-S-T-S-T-T,9.837485
166,N-N-G-A-G-N-N-K-G-N-S-N-N,9.658149
167,G-G-A-A-A-G-G-C-I-G-A-S-G,9.515012
168,--------------D----------,0.054614
169,G-P-G-A-K-V-G-K-D-W-E-P-G,8.105565
170,A-D-E-Y-E-V-L-D-Q-L-H-M-V,8.113437
171,A-A-S-A-Y-A-A-E-A-S-A-A-A,8.135044
172,D-D-D-D-P-D-N-L-Q-D-G-D-N,8.127804
173,I-V-I-H-Y-L-I-F-A-V-L-L-W,8.129461
174,Y-L-Y-L-M-L-F-F-V-V-F-F-Y,8.201139
175,I-I-V-V-L-V-T-I-L-I-L-V-F,8.291061
176,V-V-V-V-V-V-V-C-V-V-V-V-V,8.295542
177,F-Y-M-F-L-M-F-I-V-V-M-W-L,8.250093
178,A-A-C-G-A-A-A-A-G-A-A-A-A,8.004946
179,M-K-R-L-R-R-K-V-R-V-N-R-R,7.412431
180,T-T-T-Q-D-V-T-T-S-T-V-C-T,6.660601
181,D-D-G-E-P-P-E-D-E-N-D-E-N,5.786743
182,K-L-G---Q-R-V-K-E-R-P-D-P,4.089181
183,S-A-----P-S-V-E-A-E-T-G-D,3.159583
184,--A-----K-E-D-A-K-A-----P,1.823305
185,--V---------S-----R-----K,0.532384
186,------------D-----------C,0.135437
187,------------G------------,0.024467
188,K-P-P---D-G-S-P-T-S-I---P,3.386064
189,G-A-G---P-H-K-T-G-P-G---P,3.827254
190,N-S-P-D-K-R-T-K-K-A-Y---S,4.421282
191,H-R-K-G-K-G-D-R-L-H-K---K,4.945101
192,G-G-G-S-A-G-K-R-R-G-G-C-A,6.407220
193,I-I-I-G-F-I-M-F-P-I-I-I-F,7.253367
194,T-T-S-A-T-S-T-T-A-S-T-R-T,7.885340
195,A-A-C-V-L-A-A-A-L-L-S-G-G,8.324405
196,F-F-I-V-W-F-F-F-F-F-F-F-F,8.913508
197,I-I-V-V-W-V-I-I-V-L-L-L-I,9.188133
198,L-V-V-V-V-V-V-L-V-V-V-L-V,9.375113
199,E-E-E-P-D-E-E-D-P-E-D-E-E,9.468087
200,D-K-K-A-S-A-R-K-T-N-R-K-R,9.514151
201,G-G-G-D-S-D-D-D-D-G-D-G-D,9.557622
202,T-M-T-T-K-S-F-T-A-M-T-M-S,9.620460
203,P-P-P-P-P-P-G-P-P-K-P-R-P,9.674308
204,G-G-G-G-G-G-G-G-G-G-G-G-G,9.680077
205,F-F-L-V-I-I-I-L-F-F-L-L-L,9.476693
206,T-S-S-R-K-T-T-R-S-V-H-S-T,9.111895
207,Y-T-F-V-I-V-N-I-Y-K-I-A-P,8.833463
208,G-S-G-E-N-E-G-G-T-G-G-P-G,8.436078
209,K-K-K-R---R-K-A-P-R-K-R-R,7.402082
210,K-K-K-V-P-R-P-E-I-K-P-I-K,7.655093
211,E-L-E-P-L-N-E-I-E-L-E-Q-E,7.670330
212,D-D-K-K-H-K-D-P-M-H-N-G-L,7.683735
213,K-K-K-P-K-F-K-V-E-K-K-K-N,7.780475
214,M-L-V-S-I-M-L-I-L-I-L-F-M,7.939440
215,G-G-G-G-G-G-G-G-V-G-G-S-G,7.823341
216,I-M-W-C-W-L-I---S-L-L-L-Q,7.100951
217,H-R-N-R-H-R-R-----K-R-R-R,6.908734
218,T-G-S-A-M-G-G-A-P-A-A-A-A,8.260114
219,S-S-Q-A-L-I-S-M-E-Q-S-S-S,8.469306
220,Q-N-P-G-S-E-N-P-R-D-S-A-D,8.672159
221,T-T-T-H-T-N-T-T-Q-T-T-T-T,8.900714
222,M-C-R-A-C-G-C-W-F-A-C-G-R,9.041080
223,E-E-A-D-E-V-E-S-Q-E-P-M-G,9.236207
224,L-L-V-L-V-T-V-V-V-L-L-I-I,9.475879
225,V-I-I-H-Y-R-H-Y-F-F-T-I-T,9.598090
226,F-F-F-L-L-L-F-L-L-F-F-M-F,9.756125
227,Q-E-E-D-D-H-E-D-D-E-E-D-E,9.868784
228,D-D-D-Q-N-R-N-N-D-D-N-G-D,9.911902
229,V-C-C-V-V-V-T-V-V-V-V-V-V,9.954971
230,K-K-A-R-E-R-R-R-R-R-K-E-R,9.962113
231,V-I-V-V-V-V-V-V-L-L-V-V-V,9.958551
232,P-P-P-P-E-P-P-G-P-P-P-P-P,9.898988
233,A-A-V-A-E-K-V-D-A-A-E-E-K,9.810842
234,E-A-A-G-S-D-E-E-D-S-A-E-E,9.724652
235,N-N-N-A-D-N-N-A-A-A-N-N-N,9.659272
236,M-I-R-V-M-L-V-V-L-L-I-V-V,9.531934
237,L-L-I-L-V-I-L-L-V-L-L-L-L,9.426690
238,G-G-G-A-G-G-G-G-G-G-G-P-I,8.889553
239,E-H-S-G-E-R-E-E-A-E-Q-G-G,8.660624
240,E-E-E-S-E-E-V-V-E-E-I-A-E,8.496751
241,G-N-G-G-G-G-G-G-D-N-G-S-G,8.364856
242,K-K-Q-A-M-D-G-D-A-K-H-S-A,8.175602
243,------S------------------,0.032765
244,G-G-G-L-G-G-G-A-A-G-G---G,6.688485
245,F-V-F-P-F-L-F-F-I-F-Y-L-F,7.207087
246,K-Y-L-M-L-K-K-I-A-Y-K-G-K,7.364708
247,I-V-I-L-N-I-V-P-Q-Y-Y-G-I,7.539235
248,A-L-A-V-V-A-A-L-L-L-A-P-A,7.769574
249,M-M-V-A-M-L-M-Q-F-M-I-F-M,8.018979
250,M-S-R-A-Y-T-N-N-A-Q-G-G-G,8.414845
251,T-G-G-S-N-T-I-R-G-E-S-C-T,8.773574
252,L-L-L-L-F-L-L-F-L-L-L-L-F,9.184761
253,D-D-N-A-E-N-N-G-N-P-N-N-D,9.266669
254,G-L-G-Y-M-A-S-V-P-Q-E-N-K,9.330145
255,G-E-G-G-E-G-G-R-E-E-G-A-T,9.465827
256,R-R-R-R-R-R-R-R-R-R-R-R-R,9.592376
257,I-L-I-K-L-L-F-I-I-L-I-Y-P,9.575017
258,G-V-N-S-I-S-S-E-M-L-G-G-P,9.543984
259,V-L-I-V-N-L-M-L-G-I-I-I-V,9.579707
260,A-A-A-A-A-P-G-A-A-A-A-A-A,9.624834
261,A-G-S-W-A-A-S-A-A-E-A-W-A,9.618893
262,Q-G-C-G-R-I-A-H-S-L-Q-G-G,9.632404
263,A-P-S-C-S-A-V-C-A-A-M-V-A,9.674353
264,L-L-L-V-T-T-A-T-V-V-L-L-V,9.724208
265,G-G-G-G-G-G-G-G-G-S-G-G-G,9.801976
266,I-L-A-I-F-V-M-M-M-A-L-A-L,9.793082
267,A-M-A-L-A-A-L-A-G-S-A-S-A,9.787713
268,E-Q-H-R-E-K-K-E-R-E-Q-E-Q,9.783578
269,A-A-A-A-C-Q-K-R-F-F-G-F-R,9.758790
270,A-V-S-C-A-A-L-L-A-M-C-C-C,9.756310
271,L-L-V-R-F-L-I-I-L-F-F-L-L,9.762207
272,A-D-I-T-E-K-E-Q-G-E-D-H-D,9.760905
273,D-H-L-A-D-I-L-M-R-E-Y-T-E,9.769977
274,A-T-T-A-A-A-T-M-A-T-T-A-A,9.795156
275,V-I-R-V-A-R-A-I-V-R-I-R-L,9.814060
276,E-P-D-A-R-E-E-D-D-N-P-Q-K,9.854147
277,Y-Y-H-H-Y-W-Y-Q-Y-Y-Y-Y-Y,9.893239
278,S-L-L-A-A-S-A-A-V-V-I-A-A,9.902059
279,K-H-N-R-N-V-C-N-K-K-K-L-L,9.908814
280,Q-V-V-T-Q-E-T-L-T-Q-E-D-E,9.924390
281,R-R-R-R-R-R-R-R-R-R-R-R-R,9.960881
282,V-E-K-E-I-V-K-K-K-K-I-M-K,9.961390
283,Q-A-Q-Q-A-Q-Q-T-V-A-Q-Q-T,9.966134
284,F-F-F-F-F-W-F-F-W-F-F-F-F,9.974214
285,G-G-G-G-G-G-N-G-S-G-G-G-G,9.965926
286,K-Q-E-R-K-K-R-V-T-K-K-V-V,9.946447
287,P-K-P-P-P-P-N-A-P-T-R-P-P,9.933314
288,L-I-L-L-I-V-L-L-I-V-L-L-I,9.921885
289,C-G-A-G-G-G-S-A-G-A-F-A-A,9.893940
290,K-H-S-D-H-Q-E-D-A-H-D-R-Y,9.868428
291,F-F-N-H-N-H-F-R-H-I-F-N-H,9.851718
292,Q-Q-Q-Q-Q-E-G-Q-Q-Q-Q-Q-Q,9.840522
293,S-L-Y-L-M-A-L-T-G-T-G-L-A,9.801491
294,I-M-L-V-I-V-I-V-L-V-L-I-V,9.779864
295,S-Q-Q-A-Q-A-Q-Q-A-Q-Q-Q-Q,9.718718
296,F-G-F-G-E-S-E-N-H-H-H-K-F,9.623387
297,K-K-T-H-K-K-K-W-P-K-Q-K-M,9.552603
298,L-M-L-I-L-I-F-I-L-L-V-L-L,9.484396
299,A-A-A-A-A-S-A-A-A-A-A-A-A,9.342964
300,D-D-D-D-L-F-L-D-Q-E-H-D-D,9.056849
301,M-M-M-L-M-I-M-S-C-L-V-M-M,8.783997
302,K-Y-A-W-A-A-A-T-H-K-A-L-A,8.384695
303,M-T-T-T-I-A-Q-I-I-T-T-T-I,8.168467
304,Q-R-R-A-K-T-K-E-E-H-Q-E-G,7.839184
305,I-L-L-E-I-N-A-L-V-I-L-I-V,7.548014
306,E-M-V-Q-D-Y-Y-E-E-C-E-T-E,7.317205
307,A-A-A-I-N-A-V-Q-L-V-A-L-T,7.127179
308,A-C-A-A-M-L-M-V-A-T-A-G-S,6.988153
309,R-R-R-A-R-D-E-R-K-R-R-L-R,6.843259
310,N-Q-L-R-N-A-S-L-L-A-L-H-L,6.672251
311,L-Y-M-V-M-V-M-Q-M-F-L-A-A,6.598004
312,V-V-V-C-V-V-A-L-T-V-T-C-W,6.564780
313,Y-Y-R-E-L-E-Y-Y-Q-D-Y-L-R,6.367863
314,K-N-N-Y-K-L-L-F-K-S-N-Q-L,6.227441
315,A-V-A-A-V-S-T-T-A-C-A-L-S,6.150581
316,A-A-A-S-A-S-S-A-A-L-A-G-A,6.122749
317,C-K-V-D-W-Q-G-W-T-Q-R-R-W,5.986088
318,K-A-A-H-Q-M-M-K-L-L-L-L-E,5.938337
319,K-C-L---A-A-L-S-Y-H-L-K-I,5.856359
320,Q-D-Q---D-D-D-D-D-E-E-D-D,5.864144
321,E-E-E---Q-E-Q-Q-H-T-A-Q-Q,5.677063
322,G-G-E---H-G-P-G-G-K-G-D-G,5.128019
323,------------G---D--------,0.166614
324,----R-----R-F-H-D--------,1.078099
325,K-H-K---Q-N-P-K-F-R-K-K-R,4.020767
326,P-C-D---S-D-D-D-G-L-P-A-R,4.284965
327,F-T-A-M-L-I-C-L-A-E-F-A-N,4.909486
328,T-A-V-V-R-R-S-R-A-S-I-P-S,5.363733
329,V-K-A-P-T-I-I-L-E-A-K-E-Y,5.741926
330,D-D-L-A-S-E-E-E-A-A-E-M-Y,6.345108
331,A-C-C-T-A-A-A-A-A-A-A-V-A,6.851310
332,A-A-S-I-A-A-A-A-N-S-S-S-S,7.189720
333,I-G-M-L-L-L-M-S-M-M-M-L-I,7.789174
334,A-V-A-A-A-A-V-L-A-A-A-L-A,8.076723
335,K-I-K-K-K-K-K-K-K-K-K-K-K,8.355747
336,R-L-L-H-L-L-V-I-Y-Y-Y-R-C,8.409160
337,V-Y-F-V-Y-W-F-A-A-W-Y-N-H,8.452932
338,A-S-A-A-C-S-S-A-A-A-A-N-A,8.567827
339,S-A-T-A-A-S-S-T-A-S-S-C-A,8.618073
340,D-E-D-E-R-E-E-E-E-E-E-G-D,8.661283
341,V-C-E-R-T-M-A-M-A-L-I-K-M,8.623864
342,A-A-C-A-A-A-A-L-S-Q-A-A-A,8.670101
343,M-T-F-A-M-C-W-T-S-N-G-L-N,8.686005
344,R-Q-A-A-E-L-Q-R-R-S-Q-D-K,8.758595
345,V-V-I-G-V-V-C-V-A-V-T-I-I,8.846296
346,T-A-C-A-I-G-V-A-V-A-T-A-A,8.899383
347,T-L-N-A-D-D-S-D-D-Y-S-R-S,8.939812
348,E-D-Q-T-D-E-E-R-Q-D-K-Q-D,9.004641
349,A-G-A-A-A-L-A-A-A-C-C-A-A,9.108278
350,V-I-L-A-I-L-L-I-V-V-I-R-V,9.155666
351,Q-Q-Q-Q-Q-Q-Q-Q-Q-Q-E-D-Q,9.201068
352,I-C-M-V-I-I-I-L-S-L-W-M-I,9.198285
353,F-F-H-L-M-R-L-H-M-H-M-L-F,9.184335
354,G-G-G-A-G-G-G-G-G-G-G-G-G,9.137503
355,G-G-G-S-G-G-G-G-G-G-G-G-G,9.062871
356,Y-N-Y-A-L-R-S-L-N-W-V-N-N,9.022988
357,G-G-G-G-G-G-G-G-G-G-G-G-G,8.989781
358,Y-Y-Y-A-Y-Y-Y-L-L-Y-Y-I-F,8.618988
359,S-I-L-G-T-E-M-S-T-M-T-S-N,8.019173
360,E-N-K---D-T-K-R-K-W-K-D-S,7.380560
361,E-D-D---E-A-D-E-E-E-D-E-E,7.187808
362,----------E--------------,0.006771
363,----------S--------------,0.006980
364,----------L--------------,0.005435
365,----------A--------------,0.004372
366,----------A--------------,0.002203
367,----------R--------------,0.002176
368,----------G--------------,0.002864
369,----------E--------------,0.004116
370,----------R--------------,0.012393
371,----------A--------------,0.021563
372,Y-F-Y-H-A-V-Y-M-Y-Y-Y-Y-Y,8.267001
373,P-P-A-V-R-P-P-G-G-P-P-H-P,8.629132
374,V-M-V-V-V-V-Y-I-V-I-V-V-V,9.058550
375,A-G-Q-E-S-E-E-E-A-A-E-I-E,9.149615
376,R-R-Q-R-R-Q-R-Y-A-R-K-R-K,9.290381
377,H-F-Y-A-F-M-M-V-M-A-Y-H-L,9.382800
378,M-L-V-Y-W-V-L-A-M-Y-F-A-M,9.442423
379,R-R-R-R-R-R-R-R-T-V-R-M-R,9.550974
380,D-D-D-D-D-D-D-M-S-D-D-N-D,9.640832
381,A-A-S-A-V-L-A-V-A-A-A-L-A,9.686257
382,K-K-R-K-R-R-R-R-R-R-K-E-K,9.721271
383,I-L-V-L-C-I-I-I-L-V-I-A-I,9.726396
384,T-Y-H-M-E-N-L-W-A-Q-G-V-Y,9.736197
385,Q-E-Q-E-R-R-L-R-R-P-T-N-Q,9.771030
386,I-I-I-I-I-I-I-V-I-I-I-T-I,9.807700
387,Y-G-L-I-G-F-F-V-A-Y-Y-Y-Y,9.835742
388,E-A-E-E-G-E-E-E-P-G-E-E-E,9.860749
389,G-G-G-G-G-G-G-G-I-G-G-G-G,9.869127
390,T-T-S-S-T-S-T-A-S-T-A-T-T,9.876612
391,N-S-N-S-D-S-N-S-R-N-S-H-S,9.873968
392,E-E-E-E-E-E-E-E-E-E-N-D-Q,9.874222
393,V-V-V-M-I-I-I-I-M-I-I-I-I,9.826904
394,Q-R-M-C-M-M-L-H-V-M-Q-H-Q,9.749783
395,L-R-R-R-I-R-R-R-L-K-L-A-R,9.703285
396,M-L-I-V-Y-L-L-M-N-E-N-L-L,9.687478
397,V-V-L-M-V-L-F-S-F-L-T-I-I,9.698671
398,T-I-I-L-A-I-I-I-V-I-I-L-I,9.713591
399,G-G-S-A-G-A-A-A-A-A-A-G-S,9.708333
400,G-R-R-Q-R-R-L-K-Q-R-K-R-R,9.718018
401,A-A-S-H-Q-E-T-K-T-E-H-A-N,9.714729
402,L-F-L-A-I-A-G-L-S-I-I-I-M,9.719397
403,L-N-L-L-L-V-L-L-L-V-D-T-Y,9.756538
404,R-A-Q-A-K-D-Q-T-G-H-A-G-E,9.801460
